Workbook
Name description_level_risiko: data!$Q$11:$Q$1010
Name id_level_risiko: data!$R$11:$R$1010
Name id_level_risiko: #REF!
Name lower_limit_level_risiko: data!$O$11:$O$1010
Name upper_limit_level_risiko: data!$P$11:$P$1010

Sheet Panduan Penggunaan
A2: PANDUAN PENGGUNAAN PUSTAKA RISIKO (RISK LIBRARY)
A3: Untuk Mahkamah Agung RI dan Badan Peradilan di bawahnya
A5: Struktur Template:
A6: 1. Panduan Penggunaan | B6: Sheet ini - berisi instruksi penggunaan pustaka risiko
A7: 2. Master Pustaka Risiko | B7: Sheet utama untuk mendokumentasikan pustaka risiko
A8: 3. Kriteria Penilaian | B8: Definisi skala Likelihood dan Impact yang disesuaikan dengan konteks instansi
A9: 4. Matriks Risiko 5x5 | B9: Visualisasi matriks untuk menentukan level risiko
A10: 5. Kategori Risiko | B10: Master list kategori risiko
A11: 6. Katalog Kontrol | B11: Katalog kontrol standar yang dapat direferensikan
A12: 7. Contoh Pengisian | B12: Contoh konkret pengisian untuk referensi (came with the template)
A14: Cara Menggunakan:
A15: Langkah 1 | B15: Sesuaikan Kriteria Penilaian di sheet 'Kriteria Penilaian' dengan konteks instansi Anda
A16: Langkah 2 | B16: Sesuaikan Kategori Risiko di sheet 'Kategori Risiko' sesuai mandat instansi
A17: Langkah 3 | B17: Mulai mengisi Master Pustaka Risiko dengan risiko-risiko yang teridentifikasi
A18: Langkah 4 | B18: Gunakan dropdown yang tersedia untuk memastikan konsistensi data
A19: Langkah 5 | B19: Review dan validasi dengan stakeholder terkait
A21: Catatan Penting:
A22: - Pustaka Risiko adalah TEMPLATE, bukan daftar risiko aktif (Risk Register)
A23: - Setiap risiko harus memiliki ID unik untuk kemudahan referensi
A24: - Pernyataan risiko harus menggunakan format: [Penyebab] → [Peristiwa] → [Dampak]
A25: - Lakukan review dan update Pustaka Risiko minimal setahun sekali

Sheet Proses Bisnis
A1: PROSES BISNIS | F1: DEFINISI - SUBPROSES - KEGIATAN
B2: Probis | C2: Subprobis | D2: Kegiatan
A3: 1 | B3: Manajemen Peradilan | F3: …
A4: 2 | B4: Pelayanan Publik | F4: …
A5: 3 | B5: Administrasi Umum | F5: …
C6: Pengadaan B/J P | G6: …
C7: SDM | G7: …
C8: Keuangan DIPA/Titipan pihak ketiga | G8: …
C9: … | G9: …
A10: 4 | B10: Administrasi Perkara | F10: …
A11: 5 | B11: Administrasi Persidangan | F11: …
A12: 6 | B12: Pengawasan (Internal dan Eksternal) | F12: …
A13: 7 | B13: Penanganan Pengaduan | F13: …

Sheet Master Pustaka Risiko
A1: MASTER PUSTAKA RISIKO (RISK LIBRARY)
A2: ID Risiko | B2: Level | C2: Proses Bisnis | D2: Kegiatan | E2: Kategori Risiko | F2: Nama Risiko | G2: Deskripsi Risiko | H2: Pernyataan Risiko (Penyebab Utama → Peristiwa → Dampak) | I2: Penyebab Utama | J2: Daftar Penyebab | K2: Dampak Potensial | L2: Sasaran Strategis Terkait | M2: Likelihood (Inherent) | N2: Impact (Inherent) | O2: Skor Risiko (Inherent) | P2: Level Risiko (Inherent) | Q2: Kontrol yang Direkomendasikan | R2: Efektivitas Kontrol Target | S2: Likelihood (Residual Target) | T2: Impact (Residual Target) | U2: Skor Risiko (Residual Target) | V2: Level Risiko (Residual Target) | W2: Strategi Treatment | X2: Rencana Aksi Mitigasi | Y2: PIC/Risk Owner | Z2: Catatan
A3: R-001 | B3: Pengadilan Tingkat Pertama | C3: Administrasi Persidangan | E3: Risiko Kecurangan | F3: Gratifikasi dalam rangka mendapatkan prioritas urutan antrean | G3: Risiko ini merujuk pada praktik gratifikasi yang dilakukan oleh pengunjung atau pihak beperkara kepada petugas antrean, dengan harapan nomor antreannya dapat didahulukan, diprioritaskan, atau dipercepat proses pendaftarannya dengan mengabaikan prosedur antrean yang semestinya | H3: ="["&I3&"] menyebabkan ["&F3&"]; sehingga berakibat pada ["&K3&"]" -> [Keterbatasan Sistem Layanan (Penumpukan antrean) yang Bertemu dengan Lemahnya Integritas Petugas di Lini Depan] menyebabkan [Gratifikasi dalam rangka mendapatkan prioritas urutan antrean]; sehingga berakibat pada [Rusaknya citra satuan kerja, menurunkan kepercayaan masyarakat terhadap pengadilan, dan secara luas berdampak buruk pada reputasi lembaga Mahkamah Agung.] | I3: Keterbatasan Sistem Layanan (Penumpukan antrean) yang Bertemu dengan Lemahnya Integritas Petugas di Lini Depan | J3: 1. Faktor Sistem dan Infrastruktur Layanan 1.1. Penumpukan antrean akibat Sistem Manual: Banyak pengadilan mengidentifikasi bahwa antrean panjang terjadi karena sistem pendaftaran dan pengambilan antrean masih dilakukan secara manual atau kurangnya optimalisasi antrean online. Hal ini menyebabkan leher botol (bottleneck) di ruang tunggu. 1.2. Kurangnya Pemahaman Pengunjung Terhadap Sistem Elektronik: Sebagian pengunjung kurang memahami cara menggunakan fasilitas pendaftaran atau antrean online (seperti aplikasi antrean mandiri), sehingga mereka masih bergantung pada antrean kedatangan fisik yang rentan dimanipulasi petugas. 2. Faktor Eksternal (Motivasi Pengunjung/Pihak beperkara) Keinginan Mendapat Layanan Instan/Cepat: Adanya kepentingan dari pihak beperkara atau pengunjung yang tidak sabar menghadapi antrean panjang dan memiliki keinginan/dorongan untuk diproses, dilayani, atau didahulukan secara lebih cepat dibandingkan pengunjung lain. 3. Faktor Integritas dan Pemahaman Petugas (Internal) 3.1. Lemahnya Integritas Petugas: Kurangnya kepatuhan terhadap kode etik oleh petugas antrean, sekuriti, atau petugas buku tamu, sehingga mudah tergiur oleh iming-iming imbalan. 3.2. Budaya Permisif: Adanya anggapan atau pembenaran dari petugas bahwa praktik suap-menyuap, menerima "uang tip", atau menerima gratifikasi sebagai ucapan terima kasih merupakan hal yang wajar dilakukan dalam pelayanan. 3.3. Ketidakpatuhan Terhadap Aturan/SOP: Petugas tidak menerapkan Standar Operasional Prosedur (SOP) atau Surat Keputusan Pimpinan terkait tata tertib penerimaan tamu dan kewajiban pengisian identitas yang jelas. 4. Faktor Pengawasan (Supervisory) Lemahnya Pengawasan Atasan: Kurangnya kontrol, pemantauan (monitoring), dan pengawasan melekat dari pimpinan atau penanggung jawab langsung (seperti Kasubbag Umum, atasan PTSP, atau pejabat terkait) terhadap kinerja petugas keamanan dan petugas antrean di lapangan. | K3: Rusaknya citra satuan kerja, menurunkan kepercayaan masyarakat terhadap pengadilan, dan secara luas berdampak buruk pada reputasi lembaga Mahkamah Agung. | L3: FORMULA LINKED TO B3 | O3: =M3*N3 -> 0 | P3: =IF(O3>=20,"Sangat Tinggi",IF(O3>=16,"Tinggi",IF(O3>=11,"Moderat",IF(O3>=6,"Rendah","Sangat Rendah")))) -> Sangat Rendah | Q3: C-001 | U3: =S3*T3 -> 0 | V3: =IF(U3>=20,"Sangat Tinggi",IF(U3>=16,"Tinggi",IF(U3>=11,"Moderat",IF(U3>=6,"Rendah","Sangat Rendah")))) -> Sangat Rendah
A4: R-002 | O4: =M4*N4 -> 0 | P4: =IF(O4>=20,"Sangat Tinggi",IF(O4>=16,"Tinggi",IF(O4>=11,"Moderat",IF(O4>=6,"Rendah","Sangat Rendah")))) -> Sangat Rendah | U4: =S4*T4 -> 0 | V4: =IF(U4>=20,"Sangat Tinggi",IF(U4>=16,"Tinggi",IF(U4>=11,"Moderat",IF(U4>=6,"Rendah","Sangat Rendah")))) -> Sangat Rendah
A5: R-003 | O5: =M5*N5 -> 0 | P5: =IF(O5>=20,"Sangat Tinggi",IF(O5>=16,"Tinggi",IF(O5>=11,"Moderat",IF(O5>=6,"Rendah","Sangat Rendah")))) -> Sangat Rendah | U5: =S5*T5 -> 0 | V5: =IF(U5>=20,"Sangat Tinggi",IF(U5>=16,"Tinggi",IF(U5>=11,"Moderat",IF(U5>=6,"Rendah","Sangat Rendah")))) -> Sangat Rendah
A6: R-004 | O6: =M6*N6 -> 0 | P6: =IF(O6>=20,"Sangat Tinggi",IF(O6>=16,"Tinggi",IF(O6>=11,"Moderat",IF(O6>=6,"Rendah","Sangat Rendah")))) -> Sangat Rendah | U6: =S6*T6 -> 0 | V6: =IF(U6>=20,"Sangat Tinggi",IF(U6>=16,"Tinggi",IF(U6>=11,"Moderat",IF(U6>=6,"Rendah","Sangat Rendah")))) -> Sangat Rendah
A7: R-005 | O7: =M7*N7 -> 0 | P7: =IF(O7>=20,"Sangat Tinggi",IF(O7>=16,"Tinggi",IF(O7>=11,"Moderat",IF(O7>=6,"Rendah","Sangat Rendah")))) -> Sangat Rendah | U7: =S7*T7 -> 0 | V7: =IF(U7>=20,"Sangat Tinggi",IF(U7>=16,"Tinggi",IF(U7>=11,"Moderat",IF(U7>=6,"Rendah","Sangat Rendah")))) -> Sangat Rendah
A8: R-006 | O8: =M8*N8 -> 0 | P8: =IF(O8>=20,"Sangat Tinggi",IF(O8>=16,"Tinggi",IF(O8>=11,"Moderat",IF(O8>=6,"Rendah","Sangat Rendah")))) -> Sangat Rendah | U8: =S8*T8 -> 0 | V8: =IF(U8>=20,"Sangat Tinggi",IF(U8>=16,"Tinggi",IF(U8>=11,"Moderat",IF(U8>=6,"Rendah","Sangat Rendah")))) -> Sangat Rendah
A9: R-007 | O9: =M9*N9 -> 0 | P9: =IF(O9>=20,"Sangat Tinggi",IF(O9>=16,"Tinggi",IF(O9>=11,"Moderat",IF(O9>=6,"Rendah","Sangat Rendah")))) -> Sangat Rendah | U9: =S9*T9 -> 0 | V9: =IF(U9>=20,"Sangat Tinggi",IF(U9>=16,"Tinggi",IF(U9>=11,"Moderat",IF(U9>=6,"Rendah","Sangat Rendah")))) -> Sangat Rendah
A10: R-008 | O10: =M10*N10 -> 0 | P10: =IF(O10>=20,"Sangat Tinggi",IF(O10>=16,"Tinggi",IF(O10>=11,"Moderat",IF(O10>=6,"Rendah","Sangat Rendah")))) -> Sangat Rendah | U10: =S10*T10 -> 0 | V10: =IF(U10>=20,"Sangat Tinggi",IF(U10>=16,"Tinggi",IF(U10>=11,"Moderat",IF(U10>=6,"Rendah","Sangat Rendah")))) -> Sangat Rendah
A11: R-009 | O11: =M11*N11 -> 0 | P11: =IF(O11>=20,"Sangat Tinggi",IF(O11>=16,"Tinggi",IF(O11>=11,"Moderat",IF(O11>=6,"Rendah","Sangat Rendah")))) -> Sangat Rendah | U11: =S11*T11 -> 0 | V11: =IF(U11>=20,"Sangat Tinggi",IF(U11>=16,"Tinggi",IF(U11>=11,"Moderat",IF(U11>=6,"Rendah","Sangat Rendah")))) -> Sangat Rendah
A12: R-010 | O12: =M12*N12 -> 0 | P12: =IF(O12>=20,"Sangat Tinggi",IF(O12>=16,"Tinggi",IF(O12>=11,"Moderat",IF(O12>=6,"Rendah","Sangat Rendah")))) -> Sangat Rendah | U12: =S12*T12 -> 0 | V12: =IF(U12>=20,"Sangat Tinggi",IF(U12>=16,"Tinggi",IF(U12>=11,"Moderat",IF(U12>=6,"Rendah","Sangat Rendah")))) -> Sangat Rendah

Sheet Sheet1
B3: Risk Management
B4: Memenej risiko terhadap pencapaian sasaran
B5: ?
B6: risiko = sesuatu yang tidak pasti di masa mendatang yang "mengancam" pencapaian tujuan
B7: ingin kita mencapai tujuan = MENURUNKAN risiko
B8: menurunkan?
B9: melakukan PENGENDALIAN/KONTROL
B11: Jika pengendalian/kontrol/IC kita efektif/memadai, maka level/tingkat risiko itu bisa dipastikan TURUN
B12: Jika risiko TURUN maka Sasaran lebih diyakini dapat tercapai.
B14: Apakah kita kemudian menurunkan risiko: 1) semaksimal mungkin, 2) sampai risikonya habis/tak bersisa?
B15: R1 | C15: R2
B16: ? | C16: sisa R1
A18: 1 | B18: proses panjang | F18: 1 | G18: ada risiko yang tidak mungkin dihabiskan: kebakaran
A19: 2 | B19: ada yg tidak termaintain dari rencana kita | F19: 2 | G19: sampai tingkat yg diterima
A20: 3 | B20: unpredictable risk yg sisa
G21: Tidak habis 100%:
A22: 1 | B22: tidak bisa habis 100% | F22: 1 | G22: Karena organisasi punya keterbatasan sumber daya.
A23: 2 | B23: analogi helm | F23: 2 | G23: Mengingat nomor 1, organisasi tidak bisa mengendalikan risiko 100% karena dia butuh untuk growth/tumbuh
G24: Kalau SEMUA sumber daya, SEMUA orang disuruh menurunkan risiko masing-masing, terus SIAPA YG KERJA?
G25: Kinerja A | I25: Risiko A | K25: Program pengentasa risiko 100%
G26: Kinerja B | I26: Risiko B | K26: Too much aware
G27: Tidak tercapai
F28: 3 | G28: Jadi akhirnya organisasi memilih risiko mana yang "layak" untuk dikendalikan
F29: 4 | G29: Prioritisasi Risiko
F31: 1 | G31: R1 | H31: Tertinggi
F32: 2 | G32: R2 | H32: No 2 tertinggi
F33: 3 | G33: R3 | H33: No 3 tertinggi
F34: 4 | G34: R4 | H34: …
L35: Mau invest/growth/mencapai tujuan ATAU dia mau mencegah terjadinya risiko?
G36: R25? | L36: Invest miliaran atau ratusan juta untuk membuat inovasi layanan yg masyarakat masih awam
G37: R30? | L37: 1. Risiko layanan baru tidak optimal | Q37: 20 | R37: 21
G38: R100? | L38: 2. Risiko reputasi akibat penerimaan masyarakat | Q38: Aktual: 18 | T38: 1. Monitor
F39: 5 | G39: SELERA RISIKO | Q39: IC -> | R39: 15 | T39: 2. Warning | U39: Sinyal/KRI
G40: Level risiko yang "diterima" oleh pimpinan organisasi | Q40: IC -> | R40: 12 | U40: KPI = IKU | V40: KRI = IRU | W40: KCI = IPU
G41: 20-25 | H41: Sangat Tinggi | J41: Risiko Gratifikasi pada meja PTS | U41: Sasaran | V41: MR | W41: SPIP
G42: .. | J42: "Saya ingin risiko itu tidak lebih dari 10" | U42: PK/RKT
G43: . | J43: 10
G44: 6-10 | H44: Rendah | J44: TERIMA | K44: (ga usah diapa-apain/ tidak usah dikendalikan)
G45: 1-5 | H45: Sangat Rendah | K45: IC 1 | L45: Library
K46: IC2
G49: RISK MANAGEMENT | J49: - Context/Criteria/Scope Selection
J50: - Risk Assessment | M50: Identifikasi Risiko | N50: Analisis Risiko | O50: Evaluasi Risiko
L51: Output | M51: Risk Register | N51: Risk Map/Risk Matrix/Heatmap | O51: Prioritas Risiko
J52: - Risk Treatment | M52: Hasil Prioritas Risiko untuk dikendalikan/ditreatment/dimitigasi
J53: - Communication | M53: Nilai Risiko pasca treatment (treated risk): lebih rendah dari actual risk\
I55: ANALISIS TITIK RAWAN:
I56: Risk Library - Risk Taxonomy
I57: Berisi ketentuan tetap tentang apa yang bisa jadi risiko di tiap-tiap satker: uraian risiko (event), penyebab, konsekuensi/dampak, how to treat
I59: Kinerjanya mirip = SK SEKMA 27021/2025 - Penetapan IKU di tingkat pertama dan banding
I60: Kasasi | J60: PB nya itu sama | L60: Yang membedakan hanyalah objek perkara, hukum formil
I61: Banding | L61: Pengelolaan perkaranya, persidangannya, dst. Itu sama
I62: Pertama
I64: Kinerja A | J64: Kegiatan A | K64: Subkegiatan1 | L64: Risiko?
K65: Sub2 | L65: Risiko?
J66: Kegiatan B
J67: Kegiatan C
J68: ..

Sheet data
W1: Form Identifikasi Risiko
W3: Nama UPG | X3: UPG MAHKAMAH AGUNG
W4: Triwulan | X4: 3
W5: Tahun | X5: 2026
W7: Keterangan : * Wajib Diisi
A9: Klasifikasi Risiko | D9: Probabilitas Risiko | H9: Dampak Risiko | L9: Faktor Penyebab | O9: Level Risiko | T9: unit kerja | W9: No.* | X9: Unit Kerja yang memiliki risiko gratifikasi* | Y9: Potensi Terjadinya Gratifikasi* | Z9: Klasifikasi Risiko* | AA9: Probabilitas Potensi Gratifikasi* | AC9: Dampak Gratifikasi* | AE9: Alasan/Penyebab Utama | AH9: Level Risiko | AI9: Sistem Pengendalian dan Pengawasan yang ada | AK9: Rencana Mitigasi/Perbaikan
A10: Label | B10: Id | D10: Label | E10: Id | F10: level | H10: Label | I10: Id | J10: level | L10: Label | M10: Id | O10: lower limit | P10: upper limit | Q10: description | R10: id | T10: nama | U10: id | V10: rowgroup | AA10: Probabilitas Risiko* | AB10: Keterangan* | AC10: Dampak Risiko* | AD10: Keterangan* | AE10: No. | AF10: Klasifikasi Penyebab | AG10: Keterangan | AI10: No. | AJ10: Keterangan | AK10: No. | AL10: Keterangan | AN10: isfromsystem | AO10: originunitkerja | AP10: originpotensi | AQ10: originklasifikasirisiko | AR10: originprobabilitasrisiko | AS10: originprobabilitasrisikoketerangan | AT10: origindampakrisiko | AU10: originketerangandampakrisiko | AV10: originklasifikasipenyebab | AW10: originklasifikasipenyebabketerangan | AX10: originsistempengendaliandanpengawasanyangada | AY10: originrencanamitigasiperbaikan | AZ10: originitemuuid | BB10: klasifikasirisikoid | BC10: probabilitasrisikoid | BD10: dampakrisikoid | BE10: faktorpenyebabid | BF10: levelprobabilitas | BG10: leveldampak | BH10: levelrisiko | BI10: levelrisikoid | BJ10: levelrisikodesc | BK10: unitkerjaid | BM10: isfromprevperiod | BN10: src_tw | BO10: src_tahun | BP10: iskegiatanutama | BQ10: kegiatanutamaid | BR10: kegiatanutamavalue
A11: Sektor Pelayanan Publik | B11: 7 | D11: Level 1 - Hampir Tidak Terjadi | E11: 1 | F11: 1 | H11: Level 1 - Tidak Signifikan | I11: 1 | J11: 1 | L11: Pemahaman | M11: 1 | O11: 1 | P11: 5 | Q11: Level Risiko Sangat Rendah | R11: 2 | T11: Pengadilan Tinggi Aceh | U11: 30 | V11: =IF(ISBLANK($W11),IF(ISNUMBER(INDIRECT("S"&ROW($V11)-1)),INDIRECT("S"&ROW($V11)-1),1),$W11) -> 1 | AH11: =IF(ISNUMBER($BI11), $BH11&" - "&$BJ11,"") | BB11: =IF(ISBLANK($Z11),"",VLOOKUP($Z11,$A$11:$B$1010,2,FALSE)) | BC11: =IF(ISBLANK($AA11),"",VLOOKUP($AA11,$D$11:$E$1010,2,FALSE)) | BD11: =IF(ISBLANK($AC11),"",VLOOKUP($AC11,$H$11:$I$1010,2,FALSE)) | BE11: =IF(ISBLANK($AF11),"",VLOOKUP($AF11,$L$11:$M$1010,2,FALSE)) | BF11: =IF(ISNUMBER($BC11),VLOOKUP($BC11,$E$11:$F$1010,2,FALSE),"") | BG11: =IF(ISNUMBER($BD11),VLOOKUP($BD11,$I$11:$J$1010,2,FALSE),"") | BH11: =IF(AND(ISNUMBER($BF11),ISNUMBER($BG11)),$BF11*$BG11,"") | BI11: =IF(ISNUMBER($BH11),LOOKUP($BH11,lower_limit_level_risiko,id_level_risiko),"") | BJ11: =IF(ISNUMBER($BH11),LOOKUP($BH11,lower_limit_level_risiko,description_level_risiko),"") | BK11: =IF(ISBLANK($X11),"",VLOOKUP($X11,$T$11:$U$1010,2,FALSE)) | BS11: 30-07-2024
A12: Sektor Pengadaan Barang dan/atau Jasa | B12: 8 | D12: Level 2 - Jarang Terjadi | E12: 2 | F12: 2 | H12: Level 2 - Minor | I12: 2 | J12: 2 | L12: Penegakan Aturan | M12: 2 | O12: 1 | P12: 5 | Q12: Level Risiko Sangat Rendah | R12: 1 | T12: Mahkamah Agung | U12: 139 | V12: =IF(ISBLANK($W12),IF(ISNUMBER(INDIRECT("S"&ROW($V12)-1)),INDIRECT("S"&ROW($V12)-1),1),$W12) -> 1 | AH12: =IF(ISNUMBER($BI12), $BH12&" - "&$BJ12,"") | BB12: =IF(ISBLANK($Z12),"",VLOOKUP($Z12,$A$11:$B$1010,2,FALSE)) | BC12: =IF(ISBLANK($AA12),"",VLOOKUP($AA12,$D$11:$E$1010,2,FALSE)) | BD12: =IF(ISBLANK($AC12),"",VLOOKUP($AC12,$H$11:$I$1010,2,FALSE)) | BE12: =IF(ISBLANK($AF12),"",VLOOKUP($AF12,$L$11:$M$1010,2,FALSE)) | BF12: =IF(ISNUMBER($BC12),VLOOKUP($BC12,$E$11:$F$1010,2,FALSE),"") | BG12: =IF(ISNUMBER($BD12),VLOOKUP($BD12,$I$11:$J$1010,2,FALSE),"") | BH12: =IF(AND(ISNUMBER($BF12),ISNUMBER($BG12)),$BF12*$BG12,"") | BI12: =IF(ISNUMBER($BH12),LOOKUP($BH12,lower_limit_level_risiko,id_level_risiko),"") | BJ12: =IF(ISNUMBER($BH12),LOOKUP($BH12,lower_limit_level_risiko,description_level_risiko),"") | BK12: =IF(ISBLANK($X12),"",VLOOKUP($X12,$T$11:$U$1010,2,FALSE))
A13: Sektor Pengelolaan Sumber Daya Manusia | B13: 9 | D13: Level 3 - Kadang Terjadi | E13: 3 | F13: 3 | H13: Level 3 - Moderat | I13: 3 | J13: 3 | L13: Pemeriksaan | M13: 3 | O13: 6 | P13: 11 | Q13: Level Risiko Rendah | R13: 3 | T13: Pengadilan Tinggi d.i. Yogyakarta | U13: 347 | V13: =IF(ISBLANK($W13),IF(ISNUMBER(INDIRECT("S"&ROW($V13)-1)),INDIRECT("S"&ROW($V13)-1),1),$W13) -> 1 | AH13: =IF(ISNUMBER($BI13), $BH13&" - "&$BJ13,"") | BB13: =IF(ISBLANK($Z13),"",VLOOKUP($Z13,$A$11:$B$1010,2,FALSE)) | BC13: =IF(ISBLANK($AA13),"",VLOOKUP($AA13,$D$11:$E$1010,2,FALSE)) | BD13: =IF(ISBLANK($AC13),"",VLOOKUP($AC13,$H$11:$I$1010,2,FALSE)) | BE13: =IF(ISBLANK($AF13),"",VLOOKUP($AF13,$L$11:$M$1010,2,FALSE)) | BF13: =IF(ISNUMBER($BC13),VLOOKUP($BC13,$E$11:$F$1010,2,FALSE),"") | BG13: =IF(ISNUMBER($BD13),VLOOKUP($BD13,$I$11:$J$1010,2,FALSE),"") | BH13: =IF(AND(ISNUMBER($BF13),ISNUMBER($BG13)),$BF13*$BG13,"") | BI13: =IF(ISNUMBER($BH13),LOOKUP($BH13,lower_limit_level_risiko,id_level_risiko),"") | BJ13: =IF(ISNUMBER($BH13),LOOKUP($BH13,lower_limit_level_risiko,description_level_risiko),"") | BK13: =IF(ISBLANK($X13),"",VLOOKUP($X13,$T$11:$U$1010,2,FALSE))
A14: Sektor Perizinan | B14: 10 | D14: Level 4 - Sering Terjadi | E14: 4 | F14: 4 | H14: Level 4 - Signifikan | I14: 4 | J14: 4 | L14: Sistem | M14: 4 | O14: 12 | P14: 15 | Q14: Level Risiko Sedang | R14: 4 | T14: Pengadilan Tinggi Sulawesi Selatan | U14: 354 | V14: =IF(ISBLANK($W14),IF(ISNUMBER(INDIRECT("S"&ROW($V14)-1)),INDIRECT("S"&ROW($V14)-1),1),$W14) -> 1 | AH14: =IF(ISNUMBER($BI14), $BH14&" - "&$BJ14,"") | BB14: =IF(ISBLANK($Z14),"",VLOOKUP($Z14,$A$11:$B$1010,2,FALSE)) | BC14: =IF(ISBLANK($AA14),"",VLOOKUP($AA14,$D$11:$E$1010,2,FALSE)) | BD14: =IF(ISBLANK($AC14),"",VLOOKUP($AC14,$H$11:$I$1010,2,FALSE)) | BE14: =IF(ISBLANK($AF14),"",VLOOKUP($AF14,$L$11:$M$1010,2,FALSE)) | BF14: =IF(ISNUMBER($BC14),VLOOKUP($BC14,$E$11:$F$1010,2,FALSE),"") | BG14: =IF(ISNUMBER($BD14),VLOOKUP($BD14,$I$11:$J$1010,2,FALSE),"") | BH14: =IF(AND(ISNUMBER($BF14),ISNUMBER($BG14)),$BF14*$BG14,"") | BI14: =IF(ISNUMBER($BH14),LOOKUP($BH14,lower_limit_level_risiko,id_level_risiko),"") | BJ14: =IF(ISNUMBER($BH14),LOOKUP($BH14,lower_limit_level_risiko,description_level_risiko),"") | BK14: =IF(ISBLANK($X14),"",VLOOKUP($X14,$T$11:$U$1010,2,FALSE))
A15: Sektor Pemeriksaan/Audit | B15: 11 | D15: Level 5 - Hampir Pasti Terjadi | E15: 5 | F15: 5 | H15: Level 5 - Sangat Signifikan | I15: 5 | J15: 5 | L15: Lain-lain | M15: 5 | O15: 16 | P15: 19 | Q15: Level Risiko Tinggi | R15: 6 | T15: Pengadilan Tinggi Agama d.i. Yogyakarta | U15: 355 | V15: =IF(ISBLANK($W15),IF(ISNUMBER(INDIRECT("S"&ROW($V15)-1)),INDIRECT("S"&ROW($V15)-1),1),$W15) -> 1 | AH15: =IF(ISNUMBER($BI15), $BH15&" - "&$BJ15,"") | BB15: =IF(ISBLANK($Z15),"",VLOOKUP($Z15,$A$11:$B$1010,2,FALSE)) | BC15: =IF(ISBLANK($AA15),"",VLOOKUP($AA15,$D$11:$E$1010,2,FALSE)) | BD15: =IF(ISBLANK($AC15),"",VLOOKUP($AC15,$H$11:$I$1010,2,FALSE)) | BE15: =IF(ISBLANK($AF15),"",VLOOKUP($AF15,$L$11:$M$1010,2,FALSE)) | BF15: =IF(ISNUMBER($BC15),VLOOKUP($BC15,$E$11:$F$1010,2,FALSE),"") | BG15: =IF(ISNUMBER($BD15),VLOOKUP($BD15,$I$11:$J$1010,2,FALSE),"") | BH15: =IF(AND(ISNUMBER($BF15),ISNUMBER($BG15)),$BF15*$BG15,"") | BI15: =IF(ISNUMBER($BH15),LOOKUP($BH15,lower_limit_level_risiko,id_level_risiko),"") | BJ15: =IF(ISNUMBER($BH15),LOOKUP($BH15,lower_limit_level_risiko,description_level_risiko),"") | BK15: =IF(ISBLANK($X15),"",VLOOKUP($X15,$T$11:$U$1010,2,FALSE))
A16: Sektor Kewenangan Lainnya | B16: 12 | O16: 20 | P16: 25 | Q16: Level Risiko Sangat Tinggi | R16: 5 | T16: Pengadilan Tinggi Tata Usaha Negara Jakarta | U16: 356 | V16: =IF(ISBLANK($W16),IF(ISNUMBER(INDIRECT("S"&ROW($V16)-1)),INDIRECT("S"&ROW($V16)-1),1),$W16) -> 1 | AH16: =IF(ISNUMBER($BI16), $BH16&" - "&$BJ16,"") | BB16: =IF(ISBLANK($Z16),"",VLOOKUP($Z16,$A$11:$B$1010,2,FALSE)) | BC16: =IF(ISBLANK($AA16),"",VLOOKUP($AA16,$D$11:$E$1010,2,FALSE)) | BD16: =IF(ISBLANK($AC16),"",VLOOKUP($AC16,$H$11:$I$1010,2,FALSE)) | BE16: =IF(ISBLANK($AF16),"",VLOOKUP($AF16,$L$11:$M$1010,2,FALSE)) | BF16: =IF(ISNUMBER($BC16),VLOOKUP($BC16,$E$11:$F$1010,2,FALSE),"") | BG16: =IF(ISNUMBER($BD16),VLOOKUP($BD16,$I$11:$J$1010,2,FALSE),"") | BH16: =IF(AND(ISNUMBER($BF16),ISNUMBER($BG16)),$BF16*$BG16,"") | BI16: =IF(ISNUMBER($BH16),LOOKUP($BH16,lower_limit_level_risiko,id_level_risiko),"") | BJ16: =IF(ISNUMBER($BH16),LOOKUP($BH16,lower_limit_level_risiko,description_level_risiko),"") | BK16: =IF(ISBLANK($X16),"",VLOOKUP($X16,$T$11:$U$1010,2,FALSE))
O17: 20 | P17: 25 | Q17: Level Risiko Sangat Tinggi | R17: 7 | T17: Pengadilan Tinggi Maluku | U17: 357 | V17: =IF(ISBLANK($W17),IF(ISNUMBER(INDIRECT("S"&ROW($V17)-1)),INDIRECT("S"&ROW($V17)-1),1),$W17) -> 1 | AH17: =IF(ISNUMBER($BI17), $BH17&" - "&$BJ17,"") | BB17: =IF(ISBLANK($Z17),"",VLOOKUP($Z17,$A$11:$B$1010,2,FALSE)) | BC17: =IF(ISBLANK($AA17),"",VLOOKUP($AA17,$D$11:$E$1010,2,FALSE)) | BD17: =IF(ISBLANK($AC17),"",VLOOKUP($AC17,$H$11:$I$1010,2,FALSE)) | BE17: =IF(ISBLANK($AF17),"",VLOOKUP($AF17,$L$11:$M$1010,2,FALSE)) | BF17: =IF(ISNUMBER($BC17),VLOOKUP($BC17,$E$11:$F$1010,2,FALSE),"") | BG17: =IF(ISNUMBER($BD17),VLOOKUP($BD17,$I$11:$J$1010,2,FALSE),"") | BH17: =IF(AND(ISNUMBER($BF17),ISNUMBER($BG17)),$BF17*$BG17,"") | BI17: =IF(ISNUMBER($BH17),LOOKUP($BH17,lower_limit_level_risiko,id_level_risiko),"") | BJ17: =IF(ISNUMBER($BH17),LOOKUP($BH17,lower_limit_level_risiko,description_level_risiko),"") | BK17: =IF(ISBLANK($X17),"",VLOOKUP($X17,$T$11:$U$1010,2,FALSE))
T18: Pengadilan Tinggi Sulawesi Utara | U18: 363 | V18: =IF(ISBLANK($W18),IF(ISNUMBER(INDIRECT("S"&ROW($V18)-1)),INDIRECT("S"&ROW($V18)-1),1),$W18) -> 1 | AH18: =IF(ISNUMBER($BI18), $BH18&" - "&$BJ18,"") | BB18: =IF(ISBLANK($Z18),"",VLOOKUP($Z18,$A$11:$B$1010,2,FALSE)) | BC18: =IF(ISBLANK($AA18),"",VLOOKUP($AA18,$D$11:$E$1010,2,FALSE)) | BD18: =IF(ISBLANK($AC18),"",VLOOKUP($AC18,$H$11:$I$1010,2,FALSE)) | BE18: =IF(ISBLANK($AF18),"",VLOOKUP($AF18,$L$11:$M$1010,2,FALSE)) | BF18: =IF(ISNUMBER($BC18),VLOOKUP($BC18,$E$11:$F$1010,2,FALSE),"") | BG18: =IF(ISNUMBER($BD18),VLOOKUP($BD18,$I$11:$J$1010,2,FALSE),"") | BH18: =IF(AND(ISNUMBER($BF18),ISNUMBER($BG18)),$BF18*$BG18,"") | BI18: =IF(ISNUMBER($BH18),LOOKUP($BH18,lower_limit_level_risiko,id_level_risiko),"") | BJ18: =IF(ISNUMBER($BH18),LOOKUP($BH18,lower_limit_level_risiko,description_level_risiko),"") | BK18: =IF(ISBLANK($X18),"",VLOOKUP($X18,$T$11:$U$1010,2,FALSE))
T19: Pengadilan Militer | U19: 367 | V19: =IF(ISBLANK($W19),IF(ISNUMBER(INDIRECT("S"&ROW($V19)-1)),INDIRECT("S"&ROW($V19)-1),1),$W19) -> 1 | AH19: =IF(ISNUMBER($BI19), $BH19&" - "&$BJ19,"") | BB19: =IF(ISBLANK($Z19),"",VLOOKUP($Z19,$A$11:$B$1010,2,FALSE)) | BC19: =IF(ISBLANK($AA19),"",VLOOKUP($AA19,$D$11:$E$1010,2,FALSE)) | BD19: =IF(ISBLANK($AC19),"",VLOOKUP($AC19,$H$11:$I$1010,2,FALSE)) | BE19: =IF(ISBLANK($AF19),"",VLOOKUP($AF19,$L$11:$M$1010,2,FALSE)) | BF19: =IF(ISNUMBER($BC19),VLOOKUP($BC19,$E$11:$F$1010,2,FALSE),"") | BG19: =IF(ISNUMBER($BD19),VLOOKUP($BD19,$I$11:$J$1010,2,FALSE),"") | BH19: =IF(AND(ISNUMBER($BF19),ISNUMBER($BG19)),$BF19*$BG19,"") | BI19: =IF(ISNUMBER($BH19),LOOKUP($BH19,lower_limit_level_risiko,id_level_risiko),"") | BJ19: =IF(ISNUMBER($BH19),LOOKUP($BH19,lower_limit_level_risiko,description_level_risiko),"") | BK19: =IF(ISBLANK($X19),"",VLOOKUP($X19,$T$11:$U$1010,2,FALSE))
T20: Pengadilan Tinggi Tata Usaha Negara Medan | U20: 375 | V20: =IF(ISBLANK($W20),IF(ISNUMBER(INDIRECT("S"&ROW($V20)-1)),INDIRECT("S"&ROW($V20)-1),1),$W20) -> 1 | AH20: =IF(ISNUMBER($BI20), $BH20&" - "&$BJ20,"") | BB20: =IF(ISBLANK($Z20),"",VLOOKUP($Z20,$A$11:$B$1010,2,FALSE)) | BC20: =IF(ISBLANK($AA20),"",VLOOKUP($AA20,$D$11:$E$1010,2,FALSE)) | BD20: =IF(ISBLANK($AC20),"",VLOOKUP($AC20,$H$11:$I$1010,2,FALSE)) | BE20: =IF(ISBLANK($AF20),"",VLOOKUP($AF20,$L$11:$M$1010,2,FALSE)) | BF20: =IF(ISNUMBER($BC20),VLOOKUP($BC20,$E$11:$F$1010,2,FALSE),"") | BG20: =IF(ISNUMBER($BD20),VLOOKUP($BD20,$I$11:$J$1010,2,FALSE),"") | BH20: =IF(AND(ISNUMBER($BF20),ISNUMBER($BG20)),$BF20*$BG20,"") | BI20: =IF(ISNUMBER($BH20),LOOKUP($BH20,lower_limit_level_risiko,id_level_risiko),"") | BJ20: =IF(ISNUMBER($BH20),LOOKUP($BH20,lower_limit_level_risiko,description_level_risiko),"") | BK20: =IF(ISBLANK($X20),"",VLOOKUP($X20,$T$11:$U$1010,2,FALSE))
T21: Pengadilan Tinggi Bengkulu | U21: 376 | V21: =IF(ISBLANK($W21),IF(ISNUMBER(INDIRECT("S"&ROW($V21)-1)),INDIRECT("S"&ROW($V21)-1),1),$W21) -> 1 | AH21: =IF(ISNUMBER($BI21), $BH21&" - "&$BJ21,"") | BB21: =IF(ISBLANK($Z21),"",VLOOKUP($Z21,$A$11:$B$1010,2,FALSE)) | BC21: =IF(ISBLANK($AA21),"",VLOOKUP($AA21,$D$11:$E$1010,2,FALSE)) | BD21: =IF(ISBLANK($AC21),"",VLOOKUP($AC21,$H$11:$I$1010,2,FALSE)) | BE21: =IF(ISBLANK($AF21),"",VLOOKUP($AF21,$L$11:$M$1010,2,FALSE)) | BF21: =IF(ISNUMBER($BC21),VLOOKUP($BC21,$E$11:$F$1010,2,FALSE),"") | BG21: =IF(ISNUMBER($BD21),VLOOKUP($BD21,$I$11:$J$1010,2,FALSE),"") | BH21: =IF(AND(ISNUMBER($BF21),ISNUMBER($BG21)),$BF21*$BG21,"") | BI21: =IF(ISNUMBER($BH21),LOOKUP($BH21,lower_limit_level_risiko,id_level_risiko),"") | BJ21: =IF(ISNUMBER($BH21),LOOKUP($BH21,lower_limit_level_risiko,description_level_risiko),"") | BK21: =IF(ISBLANK($X21),"",VLOOKUP($X21,$T$11:$U$1010,2,FALSE))
T22: Pengadilan Tinggi Gorontalo | U22: 377 | V22: =IF(ISBLANK($W22),IF(ISNUMBER(INDIRECT("S"&ROW($V22)-1)),INDIRECT("S"&ROW($V22)-1),1),$W22) -> 1 | AH22: =IF(ISNUMBER($BI22), $BH22&" - "&$BJ22,"") | BB22: =IF(ISBLANK($Z22),"",VLOOKUP($Z22,$A$11:$B$1010,2,FALSE)) | BC22: =IF(ISBLANK($AA22),"",VLOOKUP($AA22,$D$11:$E$1010,2,FALSE)) | BD22: =IF(ISBLANK($AC22),"",VLOOKUP($AC22,$H$11:$I$1010,2,FALSE)) | BE22: =IF(ISBLANK($AF22),"",VLOOKUP($AF22,$L$11:$M$1010,2,FALSE)) | BF22: =IF(ISNUMBER($BC22),VLOOKUP($BC22,$E$11:$F$1010,2,FALSE),"") | BG22: =IF(ISNUMBER($BD22),VLOOKUP($BD22,$I$11:$J$1010,2,FALSE),"") | BH22: =IF(AND(ISNUMBER($BF22),ISNUMBER($BG22)),$BF22*$BG22,"") | BI22: =IF(ISNUMBER($BH22),LOOKUP($BH22,lower_limit_level_risiko,id_level_risiko),"") | BJ22: =IF(ISNUMBER($BH22),LOOKUP($BH22,lower_limit_level_risiko,description_level_risiko),"") | BK22: =IF(ISBLANK($X22),"",VLOOKUP($X22,$T$11:$U$1010,2,FALSE))
T23: Pengadilan Tinggi Agama Banten | U23: 378 | V23: =IF(ISBLANK($W23),IF(ISNUMBER(INDIRECT("S"&ROW($V23)-1)),INDIRECT("S"&ROW($V23)-1),1),$W23) -> 1 | AH23: =IF(ISNUMBER($BI23), $BH23&" - "&$BJ23,"") | BB23: =IF(ISBLANK($Z23),"",VLOOKUP($Z23,$A$11:$B$1010,2,FALSE)) | BC23: =IF(ISBLANK($AA23),"",VLOOKUP($AA23,$D$11:$E$1010,2,FALSE)) | BD23: =IF(ISBLANK($AC23),"",VLOOKUP($AC23,$H$11:$I$1010,2,FALSE)) | BE23: =IF(ISBLANK($AF23),"",VLOOKUP($AF23,$L$11:$M$1010,2,FALSE)) | BF23: =IF(ISNUMBER($BC23),VLOOKUP($BC23,$E$11:$F$1010,2,FALSE),"") | BG23: =IF(ISNUMBER($BD23),VLOOKUP($BD23,$I$11:$J$1010,2,FALSE),"") | BH23: =IF(AND(ISNUMBER($BF23),ISNUMBER($BG23)),$BF23*$BG23,"") | BI23: =IF(ISNUMBER($BH23),LOOKUP($BH23,lower_limit_level_risiko,id_level_risiko),"") | BJ23: =IF(ISNUMBER($BH23),LOOKUP($BH23,lower_limit_level_risiko,description_level_risiko),"") | BK23: =IF(ISBLANK($X23),"",VLOOKUP($X23,$T$11:$U$1010,2,FALSE))
T24: Pengadilan Tinggi Agama Jawa Timur | U24: 379 | V24: =IF(ISBLANK($W24),IF(ISNUMBER(INDIRECT("S"&ROW($V24)-1)),INDIRECT("S"&ROW($V24)-1),1),$W24) -> 1 | AH24: =IF(ISNUMBER($BI24), $BH24&" - "&$BJ24,"") | BB24: =IF(ISBLANK($Z24),"",VLOOKUP($Z24,$A$11:$B$1010,2,FALSE)) | BC24: =IF(ISBLANK($AA24),"",VLOOKUP($AA24,$D$11:$E$1010,2,FALSE)) | BD24: =IF(ISBLANK($AC24),"",VLOOKUP($AC24,$H$11:$I$1010,2,FALSE)) | BE24: =IF(ISBLANK($AF24),"",VLOOKUP($AF24,$L$11:$M$1010,2,FALSE)) | BF24: =IF(ISNUMBER($BC24),VLOOKUP($BC24,$E$11:$F$1010,2,FALSE),"") | BG24: =IF(ISNUMBER($BD24),VLOOKUP($BD24,$I$11:$J$1010,2,FALSE),"") | BH24: =IF(AND(ISNUMBER($BF24),ISNUMBER($BG24)),$BF24*$BG24,"") | BI24: =IF(ISNUMBER($BH24),LOOKUP($BH24,lower_limit_level_risiko,id_level_risiko),"") | BJ24: =IF(ISNUMBER($BH24),LOOKUP($BH24,lower_limit_level_risiko,description_level_risiko),"") | BK24: =IF(ISBLANK($X24),"",VLOOKUP($X24,$T$11:$U$1010,2,FALSE))
T25: Pengadilan Tinggi Agama Sulawesi Utara | U25: 380 | V25: =IF(ISBLANK($W25),IF(ISNUMBER(INDIRECT("S"&ROW($V25)-1)),INDIRECT("S"&ROW($V25)-1),1),$W25) -> 1 | AH25: =IF(ISNUMBER($BI25), $BH25&" - "&$BJ25,"") | BB25: =IF(ISBLANK($Z25),"",VLOOKUP($Z25,$A$11:$B$1010,2,FALSE)) | BC25: =IF(ISBLANK($AA25),"",VLOOKUP($AA25,$D$11:$E$1010,2,FALSE)) | BD25: =IF(ISBLANK($AC25),"",VLOOKUP($AC25,$H$11:$I$1010,2,FALSE)) | BE25: =IF(ISBLANK($AF25),"",VLOOKUP($AF25,$L$11:$M$1010,2,FALSE)) | BF25: =IF(ISNUMBER($BC25),VLOOKUP($BC25,$E$11:$F$1010,2,FALSE),"") | BG25: =IF(ISNUMBER($BD25),VLOOKUP($BD25,$I$11:$J$1010,2,FALSE),"") | BH25: =IF(AND(ISNUMBER($BF25),ISNUMBER($BG25)),$BF25*$BG25,"") | BI25: =IF(ISNUMBER($BH25),LOOKUP($BH25,lower_limit_level_risiko,id_level_risiko),"") | BJ25: =IF(ISNUMBER($BH25),LOOKUP($BH25,lower_limit_level_risiko,description_level_risiko),"") | BK25: =IF(ISBLANK($X25),"",VLOOKUP($X25,$T$11:$U$1010,2,FALSE))
T26: Pengadilan Tinggi Agama Nusa Tenggara Timur | U26: 381 | V26: =IF(ISBLANK($W26),IF(ISNUMBER(INDIRECT("S"&ROW($V26)-1)),INDIRECT("S"&ROW($V26)-1),1),$W26) -> 1 | AH26: =IF(ISNUMBER($BI26), $BH26&" - "&$BJ26,"") | BB26: =IF(ISBLANK($Z26),"",VLOOKUP($Z26,$A$11:$B$1010,2,FALSE)) | BC26: =IF(ISBLANK($AA26),"",VLOOKUP($AA26,$D$11:$E$1010,2,FALSE)) | BD26: =IF(ISBLANK($AC26),"",VLOOKUP($AC26,$H$11:$I$1010,2,FALSE)) | BE26: =IF(ISBLANK($AF26),"",VLOOKUP($AF26,$L$11:$M$1010,2,FALSE)) | BF26: =IF(ISNUMBER($BC26),VLOOKUP($BC26,$E$11:$F$1010,2,FALSE),"") | BG26: =IF(ISNUMBER($BD26),VLOOKUP($BD26,$I$11:$J$1010,2,FALSE),"") | BH26: =IF(AND(ISNUMBER($BF26),ISNUMBER($BG26)),$BF26*$BG26,"") | BI26: =IF(ISNUMBER($BH26),LOOKUP($BH26,lower_limit_level_risiko,id_level_risiko),"") | BJ26: =IF(ISNUMBER($BH26),LOOKUP($BH26,lower_limit_level_risiko,description_level_risiko),"") | BK26: =IF(ISBLANK($X26),"",VLOOKUP($X26,$T$11:$U$1010,2,FALSE))
T27: Pengadilan Tinggi Tata Usaha Negara Makassar | U27: 423 | V27: =IF(ISBLANK($W27),IF(ISNUMBER(INDIRECT("S"&ROW($V27)-1)),INDIRECT("S"&ROW($V27)-1),1),$W27) -> 1 | AH27: =IF(ISNUMBER($BI27), $BH27&" - "&$BJ27,"") | BB27: =IF(ISBLANK($Z27),"",VLOOKUP($Z27,$A$11:$B$1010,2,FALSE)) | BC27: =IF(ISBLANK($AA27),"",VLOOKUP($AA27,$D$11:$E$1010,2,FALSE)) | BD27: =IF(ISBLANK($AC27),"",VLOOKUP($AC27,$H$11:$I$1010,2,FALSE)) | BE27: =IF(ISBLANK($AF27),"",VLOOKUP($AF27,$L$11:$M$1010,2,FALSE)) | BF27: =IF(ISNUMBER($BC27),VLOOKUP($BC27,$E$11:$F$1010,2,FALSE),"") | BG27: =IF(ISNUMBER($BD27),VLOOKUP($BD27,$I$11:$J$1010,2,FALSE),"") | BH27: =IF(AND(ISNUMBER($BF27),ISNUMBER($BG27)),$BF27*$BG27,"") | BI27: =IF(ISNUMBER($BH27),LOOKUP($BH27,lower_limit_level_risiko,id_level_risiko),"") | BJ27: =IF(ISNUMBER($BH27),LOOKUP($BH27,lower_limit_level_risiko,description_level_risiko),"") | BK27: =IF(ISBLANK($X27),"",VLOOKUP($X27,$T$11:$U$1010,2,FALSE))
T28: Pengadilan Tinggi Sulawesi tengah | U28: 430 | V28: =IF(ISBLANK($W28),IF(ISNUMBER(INDIRECT("S"&ROW($V28)-1)),INDIRECT("S"&ROW($V28)-1),1),$W28) -> 1 | AH28: =IF(ISNUMBER($BI28), $BH28&" - "&$BJ28,"") | BB28: =IF(ISBLANK($Z28),"",VLOOKUP($Z28,$A$11:$B$1010,2,FALSE)) | BC28: =IF(ISBLANK($AA28),"",VLOOKUP($AA28,$D$11:$E$1010,2,FALSE)) | BD28: =IF(ISBLANK($AC28),"",VLOOKUP($AC28,$H$11:$I$1010,2,FALSE)) | BE28: =IF(ISBLANK($AF28),"",VLOOKUP($AF28,$L$11:$M$1010,2,FALSE)) | BF28: =IF(ISNUMBER($BC28),VLOOKUP($BC28,$E$11:$F$1010,2,FALSE),"") | BG28: =IF(ISNUMBER($BD28),VLOOKUP($BD28,$I$11:$J$1010,2,FALSE),"") | BH28: =IF(AND(ISNUMBER($BF28),ISNUMBER($BG28)),$BF28*$BG28,"") | BI28: =IF(ISNUMBER($BH28),LOOKUP($BH28,lower_limit_level_risiko,id_level_risiko),"") | BJ28: =IF(ISNUMBER($BH28),LOOKUP($BH28,lower_limit_level_risiko,description_level_risiko),"") | BK28: =IF(ISBLANK($X28),"",VLOOKUP($X28,$T$11:$U$1010,2,FALSE))
T29: Pengadilan Tinggi Jawa tengah | U29: 431 | V29: =IF(ISBLANK($W29),IF(ISNUMBER(INDIRECT("S"&ROW($V29)-1)),INDIRECT("S"&ROW($V29)-1),1),$W29) -> 1 | AH29: =IF(ISNUMBER($BI29), $BH29&" - "&$BJ29,"") | BB29: =IF(ISBLANK($Z29),"",VLOOKUP($Z29,$A$11:$B$1010,2,FALSE)) | BC29: =IF(ISBLANK($AA29),"",VLOOKUP($AA29,$D$11:$E$1010,2,FALSE)) | BD29: =IF(ISBLANK($AC29),"",VLOOKUP($AC29,$H$11:$I$1010,2,FALSE)) | BE29: =IF(ISBLANK($AF29),"",VLOOKUP($AF29,$L$11:$M$1010,2,FALSE)) | BF29: =IF(ISNUMBER($BC29),VLOOKUP($BC29,$E$11:$F$1010,2,FALSE),"") | BG29: =IF(ISNUMBER($BD29),VLOOKUP($BD29,$I$11:$J$1010,2,FALSE),"") | BH29: =IF(AND(ISNUMBER($BF29),ISNUMBER($BG29)),$BF29*$BG29,"") | BI29: =IF(ISNUMBER($BH29),LOOKUP($BH29,lower_limit_level_risiko,id_level_risiko),"") | BJ29: =IF(ISNUMBER($BH29),LOOKUP($BH29,lower_limit_level_risiko,description_level_risiko),"") | BK29: =IF(ISBLANK($X29),"",VLOOKUP($X29,$T$11:$U$1010,2,FALSE))
... T176: Pengadilan Agama Kajen | U176: 185584 | V176: =IF(ISBLANK($W176),IF(ISNUMBER(INDIRECT("S"&ROW($V176)-1)),INDIRECT("S"&ROW($V176)-1),1),$W176) -> 1 | AH176: =IF(ISNUMBER($BI176), $BH176&" - "&$BJ176,"") | BB176: =IF(ISBLANK($Z176),"",VLOOKUP($Z176,$A$11:$B$1010,2,FALSE)) | BC176: =IF(ISBLANK($AA176),"",VLOOKUP($AA176,$D$11:$E$1010,2,FALSE)) | BD176: =IF(ISBLANK($AC176),"",VLOOKUP($AC176,$H$11:$I$1010,2,FALSE)) | BE176: =IF(ISBLANK($AF176),"",VLOOKUP($AF176,$L$11:$M$1010,2,FALSE)) | BF176: =IF(ISNUMBER($BC176),VLOOKUP($BC176,$E$11:$F$1010,2,FALSE),"") | BG176: =IF(ISNUMBER($BD176),VLOOKUP($BD176,$I$11:$J$1010,2,FALSE),"") | BH176: =IF(AND(ISNUMBER($BF176),ISNUMBER($BG176)),$BF176*$BG176,"") | BI176: =IF(ISNUMBER($BH176),LOOKUP($BH176,lower_limit_level_risiko,id_level_risiko),"") | BJ176: =IF(ISNUMBER($BH176),LOOKUP($BH176,lower_limit_level_risiko,description_level_risiko),"") | BK176: =IF(ISBLANK($X176),"",VLOOKUP($X176,$T$11:$U$1010,2,FALSE))
V177: =IF(ISBLANK($W177),IF(ISNUMBER(INDIRECT("S"&ROW($V177)-1)),INDIRECT("S"&ROW($V177)-1),1),$W177) -> 1 | AH177: =IF(ISNUMBER($BI177), $BH177&" - "&$BJ177,"") | BB177: =IF(ISBLANK($Z177),"",VLOOKUP($Z177,$A$11:$B$1010,2,FALSE)) | BC177: =IF(ISBLANK($AA177),"",VLOOKUP($AA177,$D$11:$E$1010,2,FALSE)) | BD177: =IF(ISBLANK($AC177),"",VLOOKUP($AC177,$H$11:$I$1010,2,FALSE)) | BE177: =IF(ISBLANK($AF177),"",VLOOKUP($AF177,$L$11:$M$1010,2,FALSE)) | BF177: =IF(ISNUMBER($BC177),VLOOKUP($BC177,$E$11:$F$1010,2,FALSE),"") | BG177: =IF(ISNUMBER($BD177),VLOOKUP($BD177,$I$11:$J$1010,2,FALSE),"") | BH177: =IF(AND(ISNUMBER($BF177),ISNUMBER($BG177)),$BF177*$BG177,"") | BI177: =IF(ISNUMBER($BH177),LOOKUP($BH177,lower_limit_level_risiko,id_level_risiko),"") | BJ177: =IF(ISNUMBER($BH177),LOOKUP($BH177,lower_limit_level_risiko,description_level_risiko),"") | BK177: =IF(ISBLANK($X177),"",VLOOKUP($X177,$T$11:$U$1010,2,FALSE))
V178: =IF(ISBLANK($W178),IF(ISNUMBER(INDIRECT("S"&ROW($V178)-1)),INDIRECT("S"&ROW($V178)-1),1),$W178) -> 1 | AH178: =IF(ISNUMBER($BI178), $BH178&" - "&$BJ178,"") | BB178: =IF(ISBLANK($Z178),"",VLOOKUP($Z178,$A$11:$B$1010,2,FALSE)) | BC178: =IF(ISBLANK($AA178),"",VLOOKUP($AA178,$D$11:$E$1010,2,FALSE)) | BD178: =IF(ISBLANK($AC178),"",VLOOKUP($AC178,$H$11:$I$1010,2,FALSE)) | BE178: =IF(ISBLANK($AF178),"",VLOOKUP($AF178,$L$11:$M$1010,2,FALSE)) | BF178: =IF(ISNUMBER($BC178),VLOOKUP($BC178,$E$11:$F$1010,2,FALSE),"") | BG178: =IF(ISNUMBER($BD178),VLOOKUP($BD178,$I$11:$J$1010,2,FALSE),"") | BH178: =IF(AND(ISNUMBER($BF178),ISNUMBER($BG178)),$BF178*$BG178,"") | BI178: =IF(ISNUMBER($BH178),LOOKUP($BH178,lower_limit_level_risiko,id_level_risiko),"") | BJ178: =IF(ISNUMBER($BH178),LOOKUP($BH178,lower_limit_level_risiko,description_level_risiko),"") | BK178: =IF(ISBLANK($X178),"",VLOOKUP($X178,$T$11:$U$1010,2,FALSE))
V179: =IF(ISBLANK($W179),IF(ISNUMBER(INDIRECT("S"&ROW($V179)-1)),INDIRECT("S"&ROW($V179)-1),1),$W179) -> 1 | AH179: =IF(ISNUMBER($BI179), $BH179&" - "&$BJ179,"") | BB179: =IF(ISBLANK($Z179),"",VLOOKUP($Z179,$A$11:$B$1010,2,FALSE)) | BC179: =IF(ISBLANK($AA179),"",VLOOKUP($AA179,$D$11:$E$1010,2,FALSE)) | BD179: =IF(ISBLANK($AC179),"",VLOOKUP($AC179,$H$11:$I$1010,2,FALSE)) | BE179: =IF(ISBLANK($AF179),"",VLOOKUP($AF179,$L$11:$M$1010,2,FALSE)) | BF179: =IF(ISNUMBER($BC179),VLOOKUP($BC179,$E$11:$F$1010,2,FALSE),"") | BG179: =IF(ISNUMBER($BD179),VLOOKUP($BD179,$I$11:$J$1010,2,FALSE),"") | BH179: =IF(AND(ISNUMBER($BF179),ISNUMBER($BG179)),$BF179*$BG179,"") | BI179: =IF(ISNUMBER($BH179),LOOKUP($BH179,lower_limit_level_risiko,id_level_risiko),"") | BJ179: =IF(ISNUMBER($BH179),LOOKUP($BH179,lower_limit_level_risiko,description_level_risiko),"") | BK179: =IF(ISBLANK($X179),"",VLOOKUP($X179,$T$11:$U$1010,2,FALSE))
V180: =IF(ISBLANK($W180),IF(ISNUMBER(INDIRECT("S"&ROW($V180)-1)),INDIRECT("S"&ROW($V180)-1),1),$W180) -> 1 | AH180: =IF(ISNUMBER($BI180), $BH180&" - "&$BJ180,"") | BB180: =IF(ISBLANK($Z180),"",VLOOKUP($Z180,$A$11:$B$1010,2,FALSE)) | BC180: =IF(ISBLANK($AA180),"",VLOOKUP($AA180,$D$11:$E$1010,2,FALSE)) | BD180: =IF(ISBLANK($AC180),"",VLOOKUP($AC180,$H$11:$I$1010,2,FALSE)) | BE180: =IF(ISBLANK($AF180),"",VLOOKUP($AF180,$L$11:$M$1010,2,FALSE)) | BF180: =IF(ISNUMBER($BC180),VLOOKUP($BC180,$E$11:$F$1010,2,FALSE),"") | BG180: =IF(ISNUMBER($BD180),VLOOKUP($BD180,$I$11:$J$1010,2,FALSE),"") | BH180: =IF(AND(ISNUMBER($BF180),ISNUMBER($BG180)),$BF180*$BG180,"") | BI180: =IF(ISNUMBER($BH180),LOOKUP($BH180,lower_limit_level_risiko,id_level_risiko),"") | BJ180: =IF(ISNUMBER($BH180),LOOKUP($BH180,lower_limit_level_risiko,description_level_risiko),"") | BK180: =IF(ISBLANK($X180),"",VLOOKUP($X180,$T$11:$U$1010,2,FALSE))
V181: =IF(ISBLANK($W181),IF(ISNUMBER(INDIRECT("S"&ROW($V181)-1)),INDIRECT("S"&ROW($V181)-1),1),$W181) -> 1 | AH181: =IF(ISNUMBER($BI181), $BH181&" - "&$BJ181,"") | BB181: =IF(ISBLANK($Z181),"",VLOOKUP($Z181,$A$11:$B$1010,2,FALSE)) | BC181: =IF(ISBLANK($AA181),"",VLOOKUP($AA181,$D$11:$E$1010,2,FALSE)) | BD181: =IF(ISBLANK($AC181),"",VLOOKUP($AC181,$H$11:$I$1010,2,FALSE)) | BE181: =IF(ISBLANK($AF181),"",VLOOKUP($AF181,$L$11:$M$1010,2,FALSE)) | BF181: =IF(ISNUMBER($BC181),VLOOKUP($BC181,$E$11:$F$1010,2,FALSE),"") | BG181: =IF(ISNUMBER($BD181),VLOOKUP($BD181,$I$11:$J$1010,2,FALSE),"") | BH181: =IF(AND(ISNUMBER($BF181),ISNUMBER($BG181)),$BF181*$BG181,"") | BI181: =IF(ISNUMBER($BH181),LOOKUP($BH181,lower_limit_level_risiko,id_level_risiko),"") | BJ181: =IF(ISNUMBER($BH181),LOOKUP($BH181,lower_limit_level_risiko,description_level_risiko),"") | BK181: =IF(ISBLANK($X181),"",VLOOKUP($X181,$T$11:$U$1010,2,FALSE))
V182: =IF(ISBLANK($W182),IF(ISNUMBER(INDIRECT("S"&ROW($V182)-1)),INDIRECT("S"&ROW($V182)-1),1),$W182) -> 1 | AH182: =IF(ISNUMBER($BI182), $BH182&" - "&$BJ182,"") | BB182: =IF(ISBLANK($Z182),"",VLOOKUP($Z182,$A$11:$B$1010,2,FALSE)) | BC182: =IF(ISBLANK($AA182),"",VLOOKUP($AA182,$D$11:$E$1010,2,FALSE)) | BD182: =IF(ISBLANK($AC182),"",VLOOKUP($AC182,$H$11:$I$1010,2,FALSE)) | BE182: =IF(ISBLANK($AF182),"",VLOOKUP($AF182,$L$11:$M$1010,2,FALSE)) | BF182: =IF(ISNUMBER($BC182),VLOOKUP($BC182,$E$11:$F$1010,2,FALSE),"") | BG182: =IF(ISNUMBER($BD182),VLOOKUP($BD182,$I$11:$J$1010,2,FALSE),"") | BH182: =IF(AND(ISNUMBER($BF182),ISNUMBER($BG182)),$BF182*$BG182,"") | BI182: =IF(ISNUMBER($BH182),LOOKUP($BH182,lower_limit_level_risiko,id_level_risiko),"") | BJ182: =IF(ISNUMBER($BH182),LOOKUP($BH182,lower_limit_level_risiko,description_level_risiko),"") | BK182: =IF(ISBLANK($X182),"",VLOOKUP($X182,$T$11:$U$1010,2,FALSE))
V183: =IF(ISBLANK($W183),IF(ISNUMBER(INDIRECT("S"&ROW($V183)-1)),INDIRECT("S"&ROW($V183)-1),1),$W183) -> 1 | AH183: =IF(ISNUMBER($BI183), $BH183&" - "&$BJ183,"") | BB183: =IF(ISBLANK($Z183),"",VLOOKUP($Z183,$A$11:$B$1010,2,FALSE)) | BC183: =IF(ISBLANK($AA183),"",VLOOKUP($AA183,$D$11:$E$1010,2,FALSE)) | BD183: =IF(ISBLANK($AC183),"",VLOOKUP($AC183,$H$11:$I$1010,2,FALSE)) | BE183: =IF(ISBLANK($AF183),"",VLOOKUP($AF183,$L$11:$M$1010,2,FALSE)) | BF183: =IF(ISNUMBER($BC183),VLOOKUP($BC183,$E$11:$F$1010,2,FALSE),"") | BG183: =IF(ISNUMBER($BD183),VLOOKUP($BD183,$I$11:$J$1010,2,FALSE),"") | BH183: =IF(AND(ISNUMBER($BF183),ISNUMBER($BG183)),$BF183*$BG183,"") | BI183: =IF(ISNUMBER($BH183),LOOKUP($BH183,lower_limit_level_risiko,id_level_risiko),"") | BJ183: =IF(ISNUMBER($BH183),LOOKUP($BH183,lower_limit_level_risiko,description_level_risiko),"") | BK183: =IF(ISBLANK($X183),"",VLOOKUP($X183,$T$11:$U$1010,2,FALSE))
V184: =IF(ISBLANK($W184),IF(ISNUMBER(INDIRECT("S"&ROW($V184)-1)),INDIRECT("S"&ROW($V184)-1),1),$W184) -> 1 | AH184: =IF(ISNUMBER($BI184), $BH184&" - "&$BJ184,"") | BB184: =IF(ISBLANK($Z184),"",VLOOKUP($Z184,$A$11:$B$1010,2,FALSE)) | BC184: =IF(ISBLANK($AA184),"",VLOOKUP($AA184,$D$11:$E$1010,2,FALSE)) | BD184: =IF(ISBLANK($AC184),"",VLOOKUP($AC184,$H$11:$I$1010,2,FALSE)) | BE184: =IF(ISBLANK($AF184),"",VLOOKUP($AF184,$L$11:$M$1010,2,FALSE)) | BF184: =IF(ISNUMBER($BC184),VLOOKUP($BC184,$E$11:$F$1010,2,FALSE),"") | BG184: =IF(ISNUMBER($BD184),VLOOKUP($BD184,$I$11:$J$1010,2,FALSE),"") | BH184: =IF(AND(ISNUMBER($BF184),ISNUMBER($BG184)),$BF184*$BG184,"") | BI184: =IF(ISNUMBER($BH184),LOOKUP($BH184,lower_limit_level_risiko,id_level_risiko),"") | BJ184: =IF(ISNUMBER($BH184),LOOKUP($BH184,lower_limit_level_risiko,description_level_risiko),"") | BK184: =IF(ISBLANK($X184),"",VLOOKUP($X184,$T$11:$U$1010,2,FALSE))
V185: =IF(ISBLANK($W185),IF(ISNUMBER(INDIRECT("S"&ROW($V185)-1)),INDIRECT("S"&ROW($V185)-1),1),$W185) -> 1 | AH185: =IF(ISNUMBER($BI185), $BH185&" - "&$BJ185,"") | BB185: =IF(ISBLANK($Z185),"",VLOOKUP($Z185,$A$11:$B$1010,2,FALSE)) | BC185: =IF(ISBLANK($AA185),"",VLOOKUP($AA185,$D$11:$E$1010,2,FALSE)) | BD185: =IF(ISBLANK($AC185),"",VLOOKUP($AC185,$H$11:$I$1010,2,FALSE)) | BE185: =IF(ISBLANK($AF185),"",VLOOKUP($AF185,$L$11:$M$1010,2,FALSE)) | BF185: =IF(ISNUMBER($BC185),VLOOKUP($BC185,$E$11:$F$1010,2,FALSE),"") | BG185: =IF(ISNUMBER($BD185),VLOOKUP($BD185,$I$11:$J$1010,2,FALSE),"") | BH185: =IF(AND(ISNUMBER($BF185),ISNUMBER($BG185)),$BF185*$BG185,"") | BI185: =IF(ISNUMBER($BH185),LOOKUP($BH185,lower_limit_level_risiko,id_level_risiko),"") | BJ185: =IF(ISNUMBER($BH185),LOOKUP($BH185,lower_limit_level_risiko,description_level_risiko),"") | BK185: =IF(ISBLANK($X185),"",VLOOKUP($X185,$T$11:$U$1010,2,FALSE))
V186: =IF(ISBLANK($W186),IF(ISNUMBER(INDIRECT("S"&ROW($V186)-1)),INDIRECT("S"&ROW($V186)-1),1),$W186) -> 1 | AH186: =IF(ISNUMBER($BI186), $BH186&" - "&$BJ186,"") | BB186: =IF(ISBLANK($Z186),"",VLOOKUP($Z186,$A$11:$B$1010,2,FALSE)) | BC186: =IF(ISBLANK($AA186),"",VLOOKUP($AA186,$D$11:$E$1010,2,FALSE)) | BD186: =IF(ISBLANK($AC186),"",VLOOKUP($AC186,$H$11:$I$1010,2,FALSE)) | BE186: =IF(ISBLANK($AF186),"",VLOOKUP($AF186,$L$11:$M$1010,2,FALSE)) | BF186: =IF(ISNUMBER($BC186),VLOOKUP($BC186,$E$11:$F$1010,2,FALSE),"") | BG186: =IF(ISNUMBER($BD186),VLOOKUP($BD186,$I$11:$J$1010,2,FALSE),"") | BH186: =IF(AND(ISNUMBER($BF186),ISNUMBER($BG186)),$BF186*$BG186,"") | BI186: =IF(ISNUMBER($BH186),LOOKUP($BH186,lower_limit_level_risiko,id_level_risiko),"") | BJ186: =IF(ISNUMBER($BH186),LOOKUP($BH186,lower_limit_level_risiko,description_level_risiko),"") | BK186: =IF(ISBLANK($X186),"",VLOOKUP($X186,$T$11:$U$1010,2,FALSE))
V187: =IF(ISBLANK($W187),IF(ISNUMBER(INDIRECT("S"&ROW($V187)-1)),INDIRECT("S"&ROW($V187)-1),1),$W187) -> 1 | AH187: =IF(ISNUMBER($BI187), $BH187&" - "&$BJ187,"") | BB187: =IF(ISBLANK($Z187),"",VLOOKUP($Z187,$A$11:$B$1010,2,FALSE)) | BC187: =IF(ISBLANK($AA187),"",VLOOKUP($AA187,$D$11:$E$1010,2,FALSE)) | BD187: =IF(ISBLANK($AC187),"",VLOOKUP($AC187,$H$11:$I$1010,2,FALSE)) | BE187: =IF(ISBLANK($AF187),"",VLOOKUP($AF187,$L$11:$M$1010,2,FALSE)) | BF187: =IF(ISNUMBER($BC187),VLOOKUP($BC187,$E$11:$F$1010,2,FALSE),"") | BG187: =IF(ISNUMBER($BD187),VLOOKUP($BD187,$I$11:$J$1010,2,FALSE),"") | BH187: =IF(AND(ISNUMBER($BF187),ISNUMBER($BG187)),$BF187*$BG187,"") | BI187: =IF(ISNUMBER($BH187),LOOKUP($BH187,lower_limit_level_risiko,id_level_risiko),"") | BJ187: =IF(ISNUMBER($BH187),LOOKUP($BH187,lower_limit_level_risiko,description_level_risiko),"") | BK187: =IF(ISBLANK($X187),"",VLOOKUP($X187,$T$11:$U$1010,2,FALSE))
V188: =IF(ISBLANK($W188),IF(ISNUMBER(INDIRECT("S"&ROW($V188)-1)),INDIRECT("S"&ROW($V188)-1),1),$W188) -> 1 | AH188: =IF(ISNUMBER($BI188), $BH188&" - "&$BJ188,"") | BB188: =IF(ISBLANK($Z188),"",VLOOKUP($Z188,$A$11:$B$1010,2,FALSE)) | BC188: =IF(ISBLANK($AA188),"",VLOOKUP($AA188,$D$11:$E$1010,2,FALSE)) | BD188: =IF(ISBLANK($AC188),"",VLOOKUP($AC188,$H$11:$I$1010,2,FALSE)) | BE188: =IF(ISBLANK($AF188),"",VLOOKUP($AF188,$L$11:$M$1010,2,FALSE)) | BF188: =IF(ISNUMBER($BC188),VLOOKUP($BC188,$E$11:$F$1010,2,FALSE),"") | BG188: =IF(ISNUMBER($BD188),VLOOKUP($BD188,$I$11:$J$1010,2,FALSE),"") | BH188: =IF(AND(ISNUMBER($BF188),ISNUMBER($BG188)),$BF188*$BG188,"") | BI188: =IF(ISNUMBER($BH188),LOOKUP($BH188,lower_limit_level_risiko,id_level_risiko),"") | BJ188: =IF(ISNUMBER($BH188),LOOKUP($BH188,lower_limit_level_risiko,description_level_risiko),"") | BK188: =IF(ISBLANK($X188),"",VLOOKUP($X188,$T$11:$U$1010,2,FALSE))
... V1010: =IF(ISBLANK($W1010),IF(ISNUMBER(INDIRECT("S"&ROW($V1010)-1)),INDIRECT("S"&ROW($V1010)-1),1),$W1010) -> 1 | AH1010: =IF(ISNUMBER($BI1010), $BH1010&" - "&$BJ1010,"") | BB1010: =IF(ISBLANK($Z1010),"",VLOOKUP($Z1010,$A$11:$B$1010,2,FALSE)) | BC1010: =IF(ISBLANK($AA1010),"",VLOOKUP($AA1010,$D$11:$E$1010,2,FALSE)) | BD1010: =IF(ISBLANK($AC1010),"",VLOOKUP($AC1010,$H$11:$I$1010,2,FALSE)) | BE1010: =IF(ISBLANK($AF1010),"",VLOOKUP($AF1010,$L$11:$M$1010,2,FALSE)) | BF1010: =IF(ISNUMBER($BC1010),VLOOKUP($BC1010,$E$11:$F$1010,2,FALSE),"") | BG1010: =IF(ISNUMBER($BD1010),VLOOKUP($BD1010,$I$11:$J$1010,2,FALSE),"") | BH1010: =IF(AND(ISNUMBER($BF1010),ISNUMBER($BG1010)),$BF1010*$BG1010,"") | BI1010: =IF(ISNUMBER($BH1010),LOOKUP($BH1010,lower_limit_level_risiko,id_level_risiko),"") | BJ1010: =IF(ISNUMBER($BH1010),LOOKUP($BH1010,lower_limit_level_risiko,description_level_risiko),"") | BK1010: =IF(ISBLANK($X1010),"",VLOOKUP($X1010,$T$11:$U$1010,2,FALSE))

Sheet Risk Register 2026
A1: FORM RISK REGISTER 2026
A2: Nama UPG | B2: UPG MAHKAMAH AGUNG | D2: Triwulan | E2: 3 | F2: Tahun | G2: 2026
A3: Keterangan: * Wajib diisi. Sheet ini standalone (tidak terhubung ke sheet lain). Kolom abu-abu (Q:Z) berisi kode/skor hasil kalkulasi otomatis dari tabel referensi di kanan (AE:AV), kecuali kolom Z (unitkerjaid) yang diisi manual bila diperlukan.
A4: No. | B4: Unit Kerja yang memiliki risiko gratifikasi | C4: Potensi Terjadinya Gratifikasi | D4: Klasifikasi Risiko | E4: Probabilitas Potensi Gratifikasi | G4: Dampak Gratifikasi | I4: Alasan/Penyebab Utama | L4: Level Risiko | M4: Sistem Pengendalian dan Pengawasan yang ada | O4: Rencana Mitigasi/Perbaikan | Q4: klasifikasirisikoid | R4: probabilitasrisikoid | S4: dampakrisikoid | T4: faktorpenyebabid | U4: levelprobabilitas | V4: leveldampak | W4: levelrisiko | X4: levelrisikoid | Y4: levelrisikodesc | AA4: Tahun Analisis | AB4: Daftar Satker Relevan (Hasil Analisis 2024–2025) | AC4: PIC | AE4: Klasifikasi Risiko | AH4: Probabilitas Risiko | AL4: Dampak Risiko | AP4: Faktor Penyebab | AS4: Level Risiko
E5: Probabilitas Risiko | F5: Keterangan | G5: Dampak Risiko | H5: Keterangan | I5: No. | J5: Klasifikasi Penyebab | K5: Keterangan | M5: No. | N5: Keterangan | O5: No. | P5: Keterangan | AA5: 2024 | AB5: Pengadilan Negeri Palembang | AC5: 5 | AE5: Label | AF5: Id | AH5: Label | AI5: Id | AJ5: Level | AL5: Label | AM5: Id | AN5: Level | AP5: Label | AQ5: Id | AS5: Lower Limit | AT5: Upper Limit | AU5: Description | AV5: Id
A6: =ROW()-5 -> 1 | B6: Pengadilan Negeri Palembang | C6: Permohonan Informasi - Informasi | D6: Sektor Pelayanan Publik | E6: Level 1 - Hampir Tidak Terjadi | F6: - | G6: Level 2 - Minor | H6: Turunnya kepercayaan publik terhadap lembaga peradilan | J6: Lain-lain | K6: 1. Sistem: kurangnya pengawasan dari pimpinan. 2. Individu: Keinginan untuk mendapatkan insentif tambahan di luar dari yang seharusnya . | L6: =IF(ISNUMBER(X6),W6&" - "&Y6,"") -> 2 - Level Risiko Sangat Rendah | N6: 1. Sudah dibuatkan SOP tersendiri mengenai peminjaman berkas, 2. Adanya CCTV untuk mengawasi para pelaksana kearsipan, 3. Disediakannya buku register peminjaman berkas baik manual maupun melalui SIPP… | P6: - | Q6: =IF(ISBLANK(D6),"",VLOOKUP(D6,$AE$6:$AF$9,2,FALSE)) -> 7 | R6: =IF(ISBLANK(E6),"",VLOOKUP(E6,$AH$6:$AI$9,2,FALSE)) -> 1 | S6: =IF(ISBLANK(G6),"",VLOOKUP(G6,$AL$6:$AM$9,2,FALSE)) -> 2 | T6: =IF(ISBLANK(J6),"",VLOOKUP(J6,$AP$6:$AQ$9,2,FALSE)) -> #N/A | U6: =IF(ISNUMBER(R6),VLOOKUP(R6,$AI$6:$AJ$9,2,FALSE),"") -> 1 | V6: =IF(ISNUMBER(S6),VLOOKUP(S6,$AM$6:$AN$9,2,FALSE),"") -> 2 | W6: =IF(AND(ISNUMBER(U6),ISNUMBER(V6)),U6*V6,"") -> 2 | X6: =IF(ISNUMBER(W6),LOOKUP(W6,$AS$6:$AS$9,$AV$6:$AV$9),"") -> 2 | Y6: =IF(ISNUMBER(W6),LOOKUP(W6,$AS$6:$AS$9,$AU$6:$AU$9),"") -> Level Risiko Sangat Rendah | AA6: 2024 | AB6: Pengadilan Negeri Pati | AC6: 4 | AE6: Sektor Pelayanan Publik | AF6: 7 | AH6: Level 1 - Hampir Tidak Terjadi | AI6: 1 | AJ6: 1 | AL6: Level 1 - Tidak Signifikan | AM6: 1 | AN6: 1 | AP6: Pemahaman | AQ6: 1 | AS6: 1 | AT6: 5 | AU6: Level Risiko Sangat Rendah | AV6: 2
A7: 1 | B7: Pengadilan Negeri Palembang | C7: Belanja Barang – Persediaan Barang | D7: Sektor Pengadaan Barang dan/atau Jasa | E7: Level 2 - Jarang Terjadi | G7: Level 3 - Moderat | H7: Turunnya kepercayaan publik terhadap lembaga peradilan | J7: Sistem | K7: 1. Sistem: kurangnya pengawasan dari pimpinan, yaitu KPN, WKPN, Sekretaris, dan Kasubag. 2. Individu: keinginan personel PN untuk mendapatkan insentif di luar dari yang seharusnya. | L7: =IF(ISNUMBER(X7),W7&" - "&Y7,"") -> 6 - Level Risiko Rendah | N7: 1. Pihak yang membeli, membayar, dan menerima barang tidak dilakukan oleh orang yang sama. 2. Sudah ada Hakim Pengawas Bidang. | Q7: =IF(ISBLANK(D7),"",VLOOKUP(D7,$AE$6:$AF$9,2,FALSE)) -> 8 | R7: =IF(ISBLANK(E7),"",VLOOKUP(E7,$AH$6:$AI$9,2,FALSE)) -> 2 | S7: =IF(ISBLANK(G7),"",VLOOKUP(G7,$AL$6:$AM$9,2,FALSE)) -> 3 | T7: =IF(ISBLANK(J7),"",VLOOKUP(J7,$AP$6:$AQ$9,2,FALSE)) -> #N/A | U7: =IF(ISNUMBER(R7),VLOOKUP(R7,$AI$6:$AJ$9,2,FALSE),"") -> 2 | V7: =IF(ISNUMBER(S7),VLOOKUP(S7,$AM$6:$AN$9,2,FALSE),"") -> 3 | W7: =IF(AND(ISNUMBER(U7),ISNUMBER(V7)),U7*V7,"") -> 6 | X7: =IF(ISNUMBER(W7),LOOKUP(W7,$AS$6:$AS$9,$AV$6:$AV$9),"") -> 3 | Y7: =IF(ISNUMBER(W7),LOOKUP(W7,$AS$6:$AS$9,$AU$6:$AU$9),"") -> Level Risiko Rendah
A8: =A7+1 -> 2 | C8: Pembayaran Kegiatan Belanja Modal – SPM | D8: Sektor Pengadaan Barang dan/atau Jasa | E8: Level 3 - Kadang Terjadi | G8: Level 3 - Moderat | H8: Turunnya kepercayaan publik terhadap lembaga peradilan | J8: Sistem | K8: 1. Sistem: kurangnya pengawasan dari pimpinan, yaitu KPN, WKPN, Sekretaris, dan Kasubag. 2. Individu: keinginan personel PN untuk mendapatkan insentif di luar dari yang seharusnya. | L8: =IF(ISNUMBER(X8),W8&" - "&Y8,"") -> 9 - Level Risiko Rendah | N8: 1. Pihak yang membeli, membayar, dan menerima barang tidak dilakukan oleh orang yang sama. 2. Sudah ada Hakim Pengawas Bidang. | Q8: =IF(ISBLANK(D8),"",VLOOKUP(D8,$AE$6:$AF$9,2,FALSE)) -> 8 | R8: =IF(ISBLANK(E8),"",VLOOKUP(E8,$AH$6:$AI$9,2,FALSE)) -> 3 | S8: =IF(ISBLANK(G8),"",VLOOKUP(G8,$AL$6:$AM$9,2,FALSE)) -> 3 | T8: =IF(ISBLANK(J8),"",VLOOKUP(J8,$AP$6:$AQ$9,2,FALSE)) -> #N/A | U8: =IF(ISNUMBER(R8),VLOOKUP(R8,$AI$6:$AJ$9,2,FALSE),"") -> 3 | V8: =IF(ISNUMBER(S8),VLOOKUP(S8,$AM$6:$AN$9,2,FALSE),"") -> 3 | W8: =IF(AND(ISNUMBER(U8),ISNUMBER(V8)),U8*V8,"") -> 9 | X8: =IF(ISNUMBER(W8),LOOKUP(W8,$AS$6:$AS$9,$AV$6:$AV$9),"") -> 3 | Y8: =IF(ISNUMBER(W8),LOOKUP(W8,$AS$6:$AS$9,$AU$6:$AU$9),"") -> Level Risiko Rendah | AA8: 2024 | AB8: Pengadilan Negeri Bogor | AC8: 3 | AE8: Sektor Pengadaan Barang dan/atau Jasa | AF8: 8 | AH8: Level 2 - Jarang Terjadi | AI8: 2 | AJ8: 2 | AL8: Level 2 - Minor | AM8: 2 | AN8: 2 | AP8: Penegakan Aturan | AQ8: 2 | AS8: 6 | AT8: 11 | AU8: Level Risiko Rendah | AV8: 3
A9: =A8+1 -> 3 | C9: Pembayaran Hak-Hak Pegawai – SPM | D9: Sektor Pengadaan Barang dan/atau Jasa | E9: Level 2 - Jarang Terjadi | G9: Level 1 - Tidak Signifikan | H9: Turunnya kepercayaan publik terhadap lembaga peradilan | J9: Sistem | K9: 1. Sistem: kurangnya pengawasan dari pimpinan, yaitu KPN, WKPN, Sekretaris, dan Kasubag. 2. Individu: keinginan personel PN untuk mendapatkan insentif di luar dari yang seharusnya. | L9: =IF(ISNUMBER(X9),W9&" - "&Y9,"") -> 2 - Level Risiko Sangat Rendah | N9: 1. Pihak yang membeli, membayar, dan menerima barang tidak dilakukan oleh orang yang sama. 2. Sudah ada Hakim Pengawas Bidang. | Q9: =IF(ISBLANK(D9),"",VLOOKUP(D9,$AE$6:$AF$9,2,FALSE)) -> 8 | R9: =IF(ISBLANK(E9),"",VLOOKUP(E9,$AH$6:$AI$9,2,FALSE)) -> 2 | S9: =IF(ISBLANK(G9),"",VLOOKUP(G9,$AL$6:$AM$9,2,FALSE)) -> 1 | T9: =IF(ISBLANK(J9),"",VLOOKUP(J9,$AP$6:$AQ$9,2,FALSE)) -> #N/A | U9: =IF(ISNUMBER(R9),VLOOKUP(R9,$AI$6:$AJ$9,2,FALSE),"") -> 2 | V9: =IF(ISNUMBER(S9),VLOOKUP(S9,$AM$6:$AN$9,2,FALSE),"") -> 1 | W9: =IF(AND(ISNUMBER(U9),ISNUMBER(V9)),U9*V9,"") -> 2 | X9: =IF(ISNUMBER(W9),LOOKUP(W9,$AS$6:$AS$9,$AV$6:$AV$9),"") -> 2 | Y9: =IF(ISNUMBER(W9),LOOKUP(W9,$AS$6:$AS$9,$AU$6:$AU$9),"") -> Level Risiko Sangat Rendah | AA9: 2024 | AB9: Pengadilan Negeri Wates | AC9: 2 | AE9: Sektor Pengelolaan Sumber Daya Manusia | AF9: 9 | AH9: Level 3 - Kadang Terjadi | AI9: 3 | AJ9: 3 | AL9: Level 3 - Moderat | AM9: 3 | AN9: 3 | AP9: Pemeriksaan | AQ9: 3 | AS9: 12 | AT9: 15 | AU9: Level Risiko Sedang | AV9: 4
A10: =A9+1 -> 4 | B10: Pengadilan Negeri Bandung | C10: Surat Keterangan Tidak Tersangkut Perkara – menerima dan meneliti berkas permohonan melalui aplikasi ERATERANG; membuat, memeriksa, memverifikasi, dan menandatangani konsep surat keterangan; mencatat dalam buku register; mengarahkan pembayaran PNBP melalui Bank BTN; menerima bukti setor; serta menyerahkan surat keterangan kepada pemohon. | D10: Sektor Pelayanan Publik | E10: Level 1 - Hampir Tidak Terjadi | G10: Level 2 - Minor | H10: Turunnya kepercayaan publik terhadap lembaga peradilan | J10: Lain-lain | K10: Kurangnya integritas dan profesionalitas. | L10: =IF(ISNUMBER(X10),W10&" - "&Y10,"") -> 2 - Level Risiko Sangat Rendah | N10: 1. SOP Surat Keterangan Tidak Tersangkut Perkara. 2. Penetapan Ketua PN Bandung Nomor 1067/KPN.W11-U1/HK.02/1/2024 tentang biaya PNBP dan panjar perkara | Q10: =IF(ISBLANK(D10),"",VLOOKUP(D10,$AE$6:$AF$9,2,FALSE)) -> 7 | R10: =IF(ISBLANK(E10),"",VLOOKUP(E10,$AH$6:$AI$9,2,FALSE)) -> 1 | S10: =IF(ISBLANK(G10),"",VLOOKUP(G10,$AL$6:$AM$9,2,FALSE)) -> 2 | T10: =IF(ISBLANK(J10),"",VLOOKUP(J10,$AP$6:$AQ$9,2,FALSE)) -> #N/A | U10: =IF(ISNUMBER(R10),VLOOKUP(R10,$AI$6:$AJ$9,2,FALSE),"") -> 1 | V10: =IF(ISNUMBER(S10),VLOOKUP(S10,$AM$6:$AN$9,2,FALSE),"") -> 2 | W10: =IF(AND(ISNUMBER(U10),ISNUMBER(V10)),U10*V10,"") -> 2 | X10: =IF(ISNUMBER(W10),LOOKUP(W10,$AS$6:$AS$9,$AV$6:$AV$9),"") -> 2 | Y10: =IF(ISNUMBER(W10),LOOKUP(W10,$AS$6:$AS$9,$AU$6:$AU$9),"") -> Level Risiko Sangat Rendah | AA10: 2024 | AB10: Pengadilan Negeri Ambon | AC10: 1 | AE10: Sektor Perizinan | AF10: 10 | AH10: Level 4 - Sering Terjadi | AI10: 4 | AJ10: 4 | AL10: Level 4 - Signifikan | AM10: 4 | AN10: 4 | AP10: Sistem | AQ10: 4 | AS10: 16 | AT10: 19 | AU10: Level Risiko Tinggi | AV10: 6
A11: =A10+1 -> 5 | C11: Legalisasi Surat Akta di Bawah Tangan (Waarmerking) – menerima dan meneliti kelengkapan permohonan; memverifikasi berkas; membuat dan memeriksa catatan waarmerking; menandatangani catatan dengan dihadiri pemohon; mencatat dalam buku register; mengarahkan pembayaran PNBP melalui Bank BTN; menerima bukti setor; serta menyerahkan surat pernyataan ahli waris kepada pemohon. | D11: Sektor Pelayanan Publik | E11: Level 2 - Jarang Terjadi | G11: Level 2 - Minor | H11: 1. Turunnya kepercayaan publik terhadap lembaga peradilan 2. Merusak citra lembaga peradilan | J11: Lain-lain | K11: Kurangnya integritas dan profesionalitas. | L11: =IF(ISNUMBER(X11),W11&" - "&Y11,"") -> 4 - Level Risiko Sangat Rendah | N11: 1. Buku II Mahkamah Agung RI tentang Pedoman Pelaksanaan Tugas dan Administrasi Peradilan. 2. SOP Legalisasi Surat Akta di Bawah Tangan (Waarmerking). | Q11: =IF(ISBLANK(D11),"",VLOOKUP(D11,$AE$6:$AF$9,2,FALSE)) -> 7 | R11: =IF(ISBLANK(E11),"",VLOOKUP(E11,$AH$6:$AI$9,2,FALSE)) -> 2 | S11: =IF(ISBLANK(G11),"",VLOOKUP(G11,$AL$6:$AM$9,2,FALSE)) -> 2 | T11: =IF(ISBLANK(J11),"",VLOOKUP(J11,$AP$6:$AQ$9,2,FALSE)) -> #N/A | U11: =IF(ISNUMBER(R11),VLOOKUP(R11,$AI$6:$AJ$9,2,FALSE),"") -> 2 | V11: =IF(ISNUMBER(S11),VLOOKUP(S11,$AM$6:$AN$9,2,FALSE),"") -> 2 | W11: =IF(AND(ISNUMBER(U11),ISNUMBER(V11)),U11*V11,"") -> 4 | X11: =IF(ISNUMBER(W11),LOOKUP(W11,$AS$6:$AS$9,$AV$6:$AV$9),"") -> 2 | Y11: =IF(ISNUMBER(W11),LOOKUP(W11,$AS$6:$AS$9,$AU$6:$AU$9),"") -> Level Risiko Sangat Rendah | AA11: 2024 | AB11: Pengadilan Tata Usaha Negara Serang | AC11: 5 | AE11: Sektor Pemeriksaan/Audit | AF11: 11 | AH11: Level 5 - Hampir Pasti Terjadi | AI11: 5 | AJ11: 5 | AL11: Level 5 - Sangat Signifikan | AM11: 5 | AN11: 5 | AP11: Lain-lain | AQ11: 5 | AS11: 20 | AT11: 25 | AU11: Level Risiko Sangat Tinggi | AV11: 5
A12: =A11+1 -> 6 | C12: Pelaksanaan Pengadaan Barang dan Jasa – perencanaan pengadaan; persiapan pengadaan melalui swakelola atau penyedia; pelaksanaan pemilihan; pelaksanaan kontrak; pembayaran; pengawasan; pertanggungjawaban; serta serah terima hasil pekerjaan. | D12: Sektor Pengadaan Barang dan/atau Jasa | E12: Level 3 - Kadang Terjadi | G12: Level 2 - Minor | H12: 1. Turunnya kepercayaan publik terhadap satuan kerja dan Mahkamah Agung. 2. Terjadinya kerugian negara lebih dari Rp10 juta, dengan pagu belanja barang satker tahun 2023 sejumlah Rp3 miliar. 3. Adanya keluhan pihak ketiga/rekanan melalui sistem pengaduan internal. | J12: Sistem | K12: 1. Kurangnya pengawasan atau pengendalian internal. 2. Adanya dorongan untuk melakukan fraud karena kebutuhan keuangan pribadi atau keserakahan semata | L12: =IF(ISNUMBER(X12),W12&" - "&Y12,"") -> 6 - Level Risiko Rendah | N12: 1. Rekonsiliasi/pemeriksaan UAKPA, KPB, Kasubbag TU dan Keuangan, serta Hakim Pengawas Bidang minimal satu kali setiap bulan. 2. Rekonsiliasi/pemeriksaan koordinator wilayah dan pusat setiap semester. 3. UU Nomor 17 Tahun 2003 tentang Keuangan Negara. 4. UU Nomor 1 Tahun 2004 tentang Perbendaharaan Negara. 5. Perpres Nomor 12 Tahun 2021 tentang Pengadaan Barang/Jasa Pemerintah. 6. Keputusan Sekretaris MA RI Nomor 657/SEK/SK/X/2018. 7. SOP Pengadaan Barang/Jasa. 8. SOP Pertanggungjawaban Belanja terhadap Pihak Ketiga/Rekanan. | Q12: =IF(ISBLANK(D12),"",VLOOKUP(D12,$AE$6:$AF$9,2,FALSE)) -> 8 | R12: =IF(ISBLANK(E12),"",VLOOKUP(E12,$AH$6:$AI$9,2,FALSE)) -> 3 | S12: =IF(ISBLANK(G12),"",VLOOKUP(G12,$AL$6:$AM$9,2,FALSE)) -> 2 | T12: =IF(ISBLANK(J12),"",VLOOKUP(J12,$AP$6:$AQ$9,2,FALSE)) -> #N/A | U12: =IF(ISNUMBER(R12),VLOOKUP(R12,$AI$6:$AJ$9,2,FALSE),"") -> 3 | V12: =IF(ISNUMBER(S12),VLOOKUP(S12,$AM$6:$AN$9,2,FALSE),"") -> 2 | W12: =IF(AND(ISNUMBER(U12),ISNUMBER(V12)),U12*V12,"") -> 6 | X12: =IF(ISNUMBER(W12),LOOKUP(W12,$AS$6:$AS$9,$AV$6:$AV$9),"") -> 3 | Y12: =IF(ISNUMBER(W12),LOOKUP(W12,$AS$6:$AS$9,$AU$6:$AU$9),"") -> Level Risiko Rendah | AA12: 2024 | AB12: Pengadilan Tata Usaha Negara Tanjung Pinang | AC12: 4 | AE12: Sektor Lainnya | AF12: 12
A13: =A12+1 -> 7 | C13: Tata Kelola Baperjakat – permohonan jabatan oleh pegawai; disposisi pimpinan; penjadwalan Baperjakat; pelaksanaan rapat; pembuatan berita acara Baperjakat; serta pengiriman surat pengantar dan berita acara secara berjenjang. | D13: Sektor Pengelolaan Sumber Daya Manusia | E13: Level 1 - Hampir Tidak Terjadi | G13: Level 3 - Moderat | H13: Turunnya kepercayaan publik terhadap satuan kerja. | J13: Lain-lain | K13: Pengelola kepegawaian dan Tim Baperjakat kurang berintegritas. | L13: =IF(ISNUMBER(X13),W13&" - "&Y13,"") -> 3 - Level Risiko Sangat Rendah | N13: 1. Pembinaan oleh Ketua setiap bulan. 2. Pakta integritas. 3. Perma Nomor 8 Tahun 2016. 4. Perma Nomor 9 Tahun 2016. 5. Maklumat KMA Nomor 1 Tahun 2017. 6. SOP dan Pedoman Baperjakat. | Q13: =IF(ISBLANK(D13),"",VLOOKUP(D13,$AE$6:$AF$9,2,FALSE)) -> 9 | R13: =IF(ISBLANK(E13),"",VLOOKUP(E13,$AH$6:$AI$9,2,FALSE)) -> 1 | S13: =IF(ISBLANK(G13),"",VLOOKUP(G13,$AL$6:$AM$9,2,FALSE)) -> 3 | T13: =IF(ISBLANK(J13),"",VLOOKUP(J13,$AP$6:$AQ$9,2,FALSE)) -> #N/A | U13: =IF(ISNUMBER(R13),VLOOKUP(R13,$AI$6:$AJ$9,2,FALSE),"") -> 1 | V13: =IF(ISNUMBER(S13),VLOOKUP(S13,$AM$6:$AN$9,2,FALSE),"") -> 3 | W13: =IF(AND(ISNUMBER(U13),ISNUMBER(V13)),U13*V13,"") -> 3 | X13: =IF(ISNUMBER(W13),LOOKUP(W13,$AS$6:$AS$9,$AV$6:$AV$9),"") -> 2 | Y13: =IF(ISNUMBER(W13),LOOKUP(W13,$AS$6:$AS$9,$AU$6:$AU$9),"") -> Level Risiko Sangat Rendah | AA13: 2024 | AB13: Pengadilan Tata Usaha Negara Manado | AC13: 3
A14: =A13+1 -> 8 | C14: Tugas Kehumasan – melakukan peliputan kegiatan pimpinan dan organisasi; mendokumentasikan kegiatan; membuat berita kegiatan; serta mengunggah kegiatan pada situs web resmi. | D14: Sektor Pengelolaan Sumber Daya Manusia | E14: Level 2 - Jarang Terjadi | G14: Level 1 - Tidak Signifikan | H14: Turunnya kepercayaan publik terhadap Subbagian Humas di satuan kerja. | J14: Sistem | K14: 1. Belum terdapat organisasi dan tata laksana kehumasan secara resmi. 2. Kurangnya pengawasan dari pimpinan. | L14: =IF(ISNUMBER(X14),W14&" - "&Y14,"") -> 2 - Level Risiko Sangat Rendah | N14: SK KPN Nomor 1632/KPN.W11-U1/SK.TI.1.2/III/2024 tentang Penunjukan Tim Pengelola Website dan Media Sosial. | Q14: =IF(ISBLANK(D14),"",VLOOKUP(D14,$AE$6:$AF$9,2,FALSE)) -> 9 | R14: =IF(ISBLANK(E14),"",VLOOKUP(E14,$AH$6:$AI$9,2,FALSE)) -> 2 | S14: =IF(ISBLANK(G14),"",VLOOKUP(G14,$AL$6:$AM$9,2,FALSE)) -> 1 | T14: =IF(ISBLANK(J14),"",VLOOKUP(J14,$AP$6:$AQ$9,2,FALSE)) -> #N/A | U14: =IF(ISNUMBER(R14),VLOOKUP(R14,$AI$6:$AJ$9,2,FALSE),"") -> 2 | V14: =IF(ISNUMBER(S14),VLOOKUP(S14,$AM$6:$AN$9,2,FALSE),"") -> 1 | W14: =IF(AND(ISNUMBER(U14),ISNUMBER(V14)),U14*V14,"") -> 2 | X14: =IF(ISNUMBER(W14),LOOKUP(W14,$AS$6:$AS$9,$AV$6:$AV$9),"") -> 2 | Y14: =IF(ISNUMBER(W14),LOOKUP(W14,$AS$6:$AS$9,$AU$6:$AU$9),"") -> Level Risiko Sangat Rendah | AA14: 2025 | AB14: Pengadilan Negeri Palangkaraya | AC14: 2
A15: =A14+1 -> 9 | B15: Pengadilan Negeri Pati | C15: Persidangan Gugatan/permohonan/bantahan perdata/gugatan sederhana/e-court | D15: Sektor Pelayanan Publik | E15: Level 4 - Sering Terjadi | G15: Level 4 - Signifikan | H15: 1. Turunnya kepercayaan publik terhadap lembaga peradilan 2. Merusak citra lembaga peradilan | J15: Penegakan Aturan | K15: 1. Penyalahgunaan wewenang dan hukum acara 2. Tidak berpegang teguh terhadap norma agama dan kode etik hakim dan panitera 3. Ketidak patuhan terhadap jangka waktu penanganan perkara/court calender | L15: =IF(ISNUMBER(X15),W15&" - "&Y15,"") -> 16 - Level Risiko Sedang | N15: 1. Pembinaan oleh Ketua secara berkala 2. Pakta integritas 3. Perma No 8 Tahun 2016 4. Perma No 9 Tahun 2016 5. SOP dan Hukum Acara 6. Kode etik dan norma perilaku 7. Penggunaan e-court 8. Kepatuhan court calender 9. satgas SIPP 10. Pelaksanaan MIS 11. Campaign anti grativikasi | Q15: =IF(ISBLANK(D15),"",VLOOKUP(D15,$AE$6:$AF$9,2,FALSE)) -> 7 | R15: =IF(ISBLANK(E15),"",VLOOKUP(E15,$AH$4:$AI$11,2,FALSE)) -> 4 | S15: =IF(ISBLANK(G15),"",VLOOKUP(G15,$AL$4:$AM$11,2,FALSE)) -> 4 | T15: =IF(ISBLANK(J15),"",VLOOKUP(J15,$AP$6:$AQ$9,2,FALSE)) -> 2 | U15: =IF(ISNUMBER(R15),VLOOKUP(R15,$AI$7:$AJ$11,2,FALSE),"") -> 4 | V15: =IF(ISNUMBER(S15),VLOOKUP(S15,$AM$6:$AN$11,2,FALSE),"") -> 4 | W15: =IF(AND(ISNUMBER(U15),ISNUMBER(V15)),U15*V15,"") -> 16 | X15: =IF(ISNUMBER(W15),LOOKUP(W15,$AS$6:$AS$9,$AV$6:$AV$9),"") -> 4 | Y15: =IF(ISNUMBER(W15),LOOKUP(W15,$AS$6:$AS$9,$AU$6:$AU$9),"") -> Level Risiko Sedang | AA15: 2025 | AB15: Pengadilan Negeri Pontianak | AC15: 1
A16: =A15+1 -> 10 | B16: Pengadilan Negeri Pati | C16: Salinan putusan/penetapan (gugatan/permohonan/bantahan perdata/gugatan sederhana) | D16: Sektor Pelayanan Publik | E16: Level 3 - Kadang Terjadi | G16: Level 3 - Moderat | H16: 1. Turunnya kepercayaan publik terhadap lembaga peradilan 2. Merusak citra lembaga peradilan | J16: Penegakan Aturan | K16: 1. Penetapan dan pembayaran biaya PS dilakukan tidak sesuai ketentuan 2. Tidak berpegang teguh terhadap norma agama dan kode etik Hakim, Panitera dan ASN | L16: =IF(ISNUMBER(X16),W16&" - "&Y16,"") -> 9 - Level Risiko Rendah | N16: 1. Pembinaan oleh Ketua secara berkala 2. Pakta integritas 3. Perma No 8 Tahun 2016 4. Perma No 9 Tahun 2016 5. SOP dan Hukum Acara 6. Kode etik dan norma perilaku 7. Penggunaan E-court 8. Penggunaan Aplikasi inovasi PIE 9. Pelaksanaan MIS | Q16: =IF(ISBLANK(D16),"",VLOOKUP(D16,$AE$6:$AF$9,2,FALSE)) -> 7 | R16: =IF(ISBLANK(E16),"",VLOOKUP(E16,$AH$6:$AI$9,2,FALSE)) -> 3 | S16: =IF(ISBLANK(G16),"",VLOOKUP(G16,$AL$6:$AM$9,2,FALSE)) -> 3 | T16: =IF(ISBLANK(J16),"",VLOOKUP(J16,$AP$6:$AQ$9,2,FALSE)) -> 2 | U16: =IF(ISNUMBER(R16),VLOOKUP(R16,$AI$6:$AJ$9,2,FALSE),"") -> 3 | V16: =IF(ISNUMBER(S16),VLOOKUP(S16,$AM$6:$AN$11,2,FALSE),"") -> 3 | W16: =IF(AND(ISNUMBER(U16),ISNUMBER(V16)),U16*V16,"") -> 9 | X16: =IF(ISNUMBER(W16),LOOKUP(W16,$AS$6:$AS$9,$AV$6:$AV$9),"") -> 3 | Y16: =IF(ISNUMBER(W16),LOOKUP(W16,$AS$6:$AS$9,$AU$6:$AU$9),"") -> Level Risiko Rendah | AA16: 2025 | AB16: Pengadilan Negeri Bandung | AC16: 5
A17: =A16+1 -> 11 | B17: Pengadilan Negeri Pati | C17: Pemeriksaan setempat | D17: Sektor Pemeriksaan/Audit | E17: Level 3 - Kadang Terjadi | G17: Level 3 - Moderat | H17: 1. Turunnya kepercayaan publik terhadap lembaga peradilan 2. Merusak citra lembaga peradilan | J17: Penegakan Aturan | K17: 1. Penetapan dan pembayaran biaya PS dilakukan tidak sesuai ketentuan 2. Tidak berpegang teguh terhadap norma agama dan kode etik Hakim, Panitera dan ASN | L17: =IF(ISNUMBER(X17),W17&" - "&Y17,"") -> 9 - Level Risiko Rendah | N17: 1. Pembinaan oleh Ketua secara berkala 2. Pakta integritas 3. Penguatan kerohanian 4. Perma No 8 Tahun 2016 5. Perma No 9 Tahun 2016 6. SOP dan Hukum Acara 7. Kode etik dan norma perilaku | Q17: =IF(ISBLANK(D17),"",VLOOKUP(D17,$AE$6:$AF$9,2,FALSE)) -> #N/A | R17: =IF(ISBLANK(E17),"",VLOOKUP(E17,$AH$6:$AI$9,2,FALSE)) -> 3 | S17: =IF(ISBLANK(G17),"",VLOOKUP(G17,$AL$6:$AM$9,2,FALSE)) -> 3 | T17: =IF(ISBLANK(J17),"",VLOOKUP(J17,$AP$6:$AQ$9,2,FALSE)) -> 2 | U17: =IF(ISNUMBER(R17),VLOOKUP(R17,$AI$6:$AJ$9,2,FALSE),"") -> 3 | V17: =IF(ISNUMBER(S17),VLOOKUP(S17,$AM$6:$AN$11,2,FALSE),"") -> 3 | W17: =IF(AND(ISNUMBER(U17),ISNUMBER(V17)),U17*V17,"") -> 9 | X17: =IF(ISNUMBER(W17),LOOKUP(W17,$AS$6:$AS$9,$AV$6:$AV$9),"") -> 3 | Y17: =IF(ISNUMBER(W17),LOOKUP(W17,$AS$6:$AS$9,$AU$6:$AU$9),"") -> Level Risiko Rendah | AA17: 2025 | AB17: Pengadilan Negeri Klaten | AC17: 4
A18: =A17+1 -> 12 | B18: Pengadilan Negeri Pati | C18: Penunjukan Majelis Hakim/panitera pengganti/jurusita | D18: Sektor Pengelolaan Sumber Daya Manusia | E18: Level 3 - Kadang Terjadi | G18: Level 4 - Signifikan | H18: 1. Mempengaruhi kualitas putusan. 2. Turunnya kepercayaan publik terhadap lembaga peradilan 3. Merusak citra lembaga peradilan 4. Murunnya nilai SPIP lembaga peradilan 5. Pengaduan Masyarakat 6. Turunnya nilai SIPP | J18: Penegakan Aturan | K18: 1. Kepentingan yang diluar peraturan. 2. tidak berpegang teguh terhadap norma agama dan kode etik Hakim, Panitera dan ASN | L18: =IF(ISNUMBER(X18),W18&" - "&Y18,"") -> 12 - Level Risiko Sedang | N18: 1. Pembinaan oleh Ketua secara berkala 2. Pakta integritas 3. Penguatan kerohanian 4. Perma No 8 Tahun 2016 5. Perma No 9 Tahun 2016 6. SOP dan Hukum Acara 7. Kode etik dan norma perilaku 8. Penggunaan SIPP 9. Pelaksanaan MIS 10. Pembagian sesuai kompetensi majelis dan beban perkara | Q18: =IF(ISBLANK(D18),"",VLOOKUP(D18,$AE$6:$AF$9,2,FALSE)) -> 9 | R18: =IF(ISBLANK(E18),"",VLOOKUP(E18,$AH$6:$AI$9,2,FALSE)) -> 3 | S18: =IF(ISBLANK(G18),"",VLOOKUP(G18,$AL$6:$AM$11,2,FALSE)) -> 4 | T18: =IF(ISBLANK(J18),"",VLOOKUP(J18,$AP$6:$AQ$9,2,FALSE)) -> 2 | U18: =IF(ISNUMBER(R18),VLOOKUP(R18,$AI$6:$AJ$9,2,FALSE),"") -> 3 | V18: =IF(ISNUMBER(S18),VLOOKUP(S18,$AM$6:$AN$11,2,FALSE),"") -> 4 | W18: =IF(AND(ISNUMBER(U18),ISNUMBER(V18)),U18*V18,"") -> 12 | X18: =IF(ISNUMBER(W18),LOOKUP(W18,$AS$6:$AS$9,$AV$6:$AV$9),"") -> 4 | Y18: =IF(ISNUMBER(W18),LOOKUP(W18,$AS$6:$AS$9,$AU$6:$AU$9),"") -> Level Risiko Sedang | AA18: 2025 | AB18: Pengadilan Negeri Tulungagung | AC18: 3
A19: =A18+1 -> 13 | B19: Pengadilan Negeri Pati | C19: Panggilan/Pemberitahuan | D19: Sektor Pelayanan Publik | E19: Level 3 - Kadang Terjadi | G19: Level 4 - Signifikan | H19: 1. Mempengaruhi kualitas putusan. 2. Turunnya kepercayaan publik terhadap lembaga peradilan 3. Merusak citra lembaga peeradilan 4. Turunnya nilai SPIP lembaga peradilan 5. Pengaduan Masyarakat | J19: Lain-lain | K19: 1. Kepentingan yang diluar peraturan. 2. Kurangnya pengawasan oleh pimpinan terhadap pelaksanaan panggilan/pemberitahuan 3. Jangka waktu pelaksanaan panggilan/pemberitahuan tidak dilaksanakan sesuai dengan SOP dan peraturan 4. tidak berpegang teguh terhadap norma agama dan kode etik Panitera dan ASN | L19: =IF(ISNUMBER(X19),W19&" - "&Y19,"") -> 12 - Level Risiko Sedang | N19: 1. Pembinaan oleh Ketua dan Panitera secara berkala 2. Pakta integritas 3. Penguatan kerohanian 4. Perma No 8 Tahun 2016 5. Perma No 9 Tahun 2016 6. SOP dan Hukum Acara 7. Kode etik dan norma perilaku 8. Pelaksanaan panggilan melalui surat tercatat/POS/elektronik | Q19: =IF(ISBLANK(D19),"",VLOOKUP(D19,$AE$6:$AF$9,2,FALSE)) -> 7 | R19: =IF(ISBLANK(E19),"",VLOOKUP(E19,$AH$6:$AI$9,2,FALSE)) -> 3 | S19: =IF(ISBLANK(G19),"",VLOOKUP(G19,$AL$6:$AM$11,2,FALSE)) -> 4 | T19: =IF(ISBLANK(J19),"",VLOOKUP(J19,$AP$6:$AQ$9,2,FALSE)) -> #N/A | U19: =IF(ISNUMBER(R19),VLOOKUP(R19,$AI$6:$AJ$9,2,FALSE),"") -> 3 | V19: =IF(ISNUMBER(S19),VLOOKUP(S19,$AM$6:$AN$11,2,FALSE),"") -> 4 | W19: =IF(AND(ISNUMBER(U19),ISNUMBER(V19)),U19*V19,"") -> 12 | X19: =IF(ISNUMBER(W19),LOOKUP(W19,$AS$6:$AS$9,$AV$6:$AV$9),"") -> 4 | Y19: =IF(ISNUMBER(W19),LOOKUP(W19,$AS$6:$AS$9,$AU$6:$AU$9),"") -> Level Risiko Sedang | AA19: 2025 | AB19: Pengadilan Negeri Mojokerto | AC19: 2
A20: =A19+1 -> 14 | B20: Pengadilan Agama Denpasar | C20: Pengembalian Sisa Panjar: praktik penggelapan dalam jabatan (kasir) dengan tidak mengembalikan sisa panjar kepada pihak berhak atau tidak menyetorkan sisa panjar >6 bulan ke negara | D20: Sektor Pelayanan Publik | E20: Level 2 - Jarang Terjadi | G20: Level 2 - Minor | H20: Kerugian materil kepada pihak dan turunnya kepercayaan publik terhadap PA Denpasar | J20: Pemeriksaan | K20: 1. Kurangnya integritas petugas kasir 2. Adanya tujuan untuk mencari keuntungan pribadi | L20: =IF(ISNUMBER(X20),W20&" - "&Y20,"") -> 4 - Level Risiko Sangat Rendah | N20: 1. Memaksimalkan monitoring keuangan perkara 2. Briefing Senin Pagi (BRISI) bagi petugas layanan 3. Penguatan integritas melalui kegiatan Kamis Ceria (KACER BALI) | Q20: =IF(ISBLANK(D20),"",VLOOKUP(D20,$AE$6:$AF$9,2,FALSE)) -> 7 | R20: =IF(ISBLANK(E20),"",VLOOKUP(E20,$AH$6:$AI$9,2,FALSE)) -> 2 | S20: =IF(ISBLANK(G20),"",VLOOKUP(G20,$AL$6:$AM$9,2,FALSE)) -> 2 | T20: =IF(ISBLANK(J20),"",VLOOKUP(J20,$AP$6:$AQ$9,2,FALSE)) -> 3 | U20: =IF(ISNUMBER(R20),VLOOKUP(R20,$AI$6:$AJ$9,2,FALSE),"") -> 2 | V20: =IF(ISNUMBER(S20),VLOOKUP(S20,$AM$6:$AN$11,2,FALSE),"") -> 2 | W20: =IF(AND(ISNUMBER(U20),ISNUMBER(V20)),U20*V20,"") -> 4 | X20: =IF(ISNUMBER(W20),LOOKUP(W20,$AS$6:$AS$9,$AV$6:$AV$9),"") -> 2 | Y20: =IF(ISNUMBER(W20),LOOKUP(W20,$AS$6:$AS$9,$AU$6:$AU$9),"") -> Level Risiko Sangat Rendah | AA20: 2025 | AB20: Pengadilan Negeri Semarang | AC20: 1
A21: =A20+1 -> 15 | B21: Pengadilan Agama Denpasar | C21: Pendaftaran Perkara: Terjadi gratifikasi kepada petugas layanan pendaftaran perkara agar perkaranya didahulukan/dipercepat pendaftarannya | D21: Sektor Pelayanan Publik | E21: Level 2 - Jarang Terjadi | G21: Level 2 - Minor | H21: Turunnya kepercayaan publik terhadap pelayanan PA Denpasar | J21: Penegakan Aturan | K21: 1. Belum digunakannya sistem nomor antrean sehingga terjadi penumpukan antrian 2. Pihak/kuasa hukum tidak sabar menunggu antrian | L21: =IF(ISNUMBER(X21),W21&" - "&Y21,"") -> 4 - Level Risiko Sangat Rendah | N21: 1. Melaksanakan antrian sesuai SOP 2. Melakukan monev pendaftaran perkara | Q21: =IF(ISBLANK(D21),"",VLOOKUP(D21,$AE$6:$AF$9,2,FALSE)) -> 7 | R21: =IF(ISBLANK(E21),"",VLOOKUP(E21,$AH$6:$AI$9,2,FALSE)) -> 2 | S21: =IF(ISBLANK(G21),"",VLOOKUP(G21,$AL$6:$AM$9,2,FALSE)) -> 2 | T21: =IF(ISBLANK(J21),"",VLOOKUP(J21,$AP$6:$AQ$9,2,FALSE)) -> 2 | U21: =IF(ISNUMBER(R21),VLOOKUP(R21,$AI$6:$AJ$9,2,FALSE),"") -> 2 | V21: =IF(ISNUMBER(S21),VLOOKUP(S21,$AM$6:$AN$11,2,FALSE),"") -> 2 | W21: =IF(AND(ISNUMBER(U21),ISNUMBER(V21)),U21*V21,"") -> 4 | X21: =IF(ISNUMBER(W21),LOOKUP(W21,$AS$6:$AS$9,$AV$6:$AV$9),"") -> 2 | Y21: =IF(ISNUMBER(W21),LOOKUP(W21,$AS$6:$AS$9,$AU$6:$AU$9),"") -> Level Risiko Sangat Rendah | AA21: 2025 | AB21: Pengadilan Negeri Malang | AC21: 5
A22: =A21+1 -> 16 | B22: Pengadilan Agama Denpasar | C22: Pemeriksaan Setempat: Terjadi praktik suap dan gratifikasi oleh pihak kepada aparatur peradilan saat pemberitahuan PS, serta penggelapan jabatan dengan membuat BA PS tidak sesuai fakta | D22: Sektor Pelayanan Publik | E22: Level 2 - Jarang Terjadi | G22: Level 3 - Moderat | H22: 1. Merugikan salah satu pihak yang berperkara 2. Turunnya kepercayaan publik terhadap Pengadilan Agama Denpasar | J22: Penegakan Aturan | K22: 1. Kurangnya integritas hakim, PP, dan jurusita/JSP 2. Kurangnya kontrol dan pengawasan dari pimpinan 3. Adanya tujuan pihak untuk mendapatkan kemudahan/keuntungan dari PS | L22: =IF(ISNUMBER(X22),W22&" - "&Y22,"") -> 6 - Level Risiko Rendah | N22: 1. Pembinaan kode etik hakim, panitera/PP dan jurusita 2. Monitoring dan evaluasi tenaga teknis secara berkesinambungan 3. Implementasi SOP Pemeriksaan Setempat | Q22: =IF(ISBLANK(D22),"",VLOOKUP(D22,$AE$6:$AF$9,2,FALSE)) -> 7 | R22: =IF(ISBLANK(E22),"",VLOOKUP(E22,$AH$6:$AI$9,2,FALSE)) -> 2 | S22: =IF(ISBLANK(G22),"",VLOOKUP(G22,$AL$6:$AM$9,2,FALSE)) -> 3 | T22: =IF(ISBLANK(J22),"",VLOOKUP(J22,$AP$6:$AQ$9,2,FALSE)) -> 2 | U22: =IF(ISNUMBER(R22),VLOOKUP(R22,$AI$6:$AJ$9,2,FALSE),"") -> 2 | V22: =IF(ISNUMBER(S22),VLOOKUP(S22,$AM$6:$AN$11,2,FALSE),"") -> 3 | W22: =IF(AND(ISNUMBER(U22),ISNUMBER(V22)),U22*V22,"") -> 6 | X22: =IF(ISNUMBER(W22),LOOKUP(W22,$AS$6:$AS$9,$AV$6:$AV$9),"") -> 3 | Y22: =IF(ISNUMBER(W22),LOOKUP(W22,$AS$6:$AS$9,$AU$6:$AU$9),"") -> Level Risiko Rendah | AA22: 2025 | AB22: Pengadilan Negeri Banyuwangi | AC22: 4
A23: =A22+1 -> 17 | B23: Pengadilan Agama Denpasar | C23: Eksekusi: Terjadi suap pada saat proses eksekusi oleh pihak berperkara kepada Ketua/Panitera/JS/JSP agar menguntungkan salah satu pihak | D23: Sektor Pelayanan Publik | E23: Level 2 - Jarang Terjadi | G23: Level 3 - Moderat | H23: 1. Turunnya kepercayaan publik terhadap lembaga peradilan 2. Adanya keluhan/pengaduan masyarakat karena pelaksanaan eksekusi merugikan pihak | J23: Penegakan Aturan | K23: 1. Kurangnya integritas Ketua, Panitera, dan Jurusita/JSP dalam pelaksanaan eksekusi 2. Adanya harapan pihak berperkara untuk mendapatkan kemudahan dan keuntungan dalam eksekusi | L23: =IF(ISNUMBER(X23),W23&" - "&Y23,"") -> 6 - Level Risiko Rendah | N23: 1. Penguatan pemahaman terhadap hukum acara eksekusi 2. Public Campaign pelaksanaan SMAP pada Pengadilan Agama 3. Implementasi SOP eksekusi | Q23: =IF(ISBLANK(D23),"",VLOOKUP(D23,$AE$6:$AF$9,2,FALSE)) -> 7 | R23: =IF(ISBLANK(E23),"",VLOOKUP(E23,$AH$6:$AI$9,2,FALSE)) -> 2 | S23: =IF(ISBLANK(G23),"",VLOOKUP(G23,$AL$6:$AM$9,2,FALSE)) -> 3 | T23: =IF(ISBLANK(J23),"",VLOOKUP(J23,$AP$6:$AQ$9,2,FALSE)) -> 2 | U23: =IF(ISNUMBER(R23),VLOOKUP(R23,$AI$6:$AJ$9,2,FALSE),"") -> 2 | V23: =IF(ISNUMBER(S23),VLOOKUP(S23,$AM$6:$AN$11,2,FALSE),"") -> 3 | W23: =IF(AND(ISNUMBER(U23),ISNUMBER(V23)),U23*V23,"") -> 6 | X23: =IF(ISNUMBER(W23),LOOKUP(W23,$AS$6:$AS$9,$AV$6:$AV$9),"") -> 3 | Y23: =IF(ISNUMBER(W23),LOOKUP(W23,$AS$6:$AS$9,$AU$6:$AU$9),"") -> Level Risiko Rendah | AA23: 2025 | AB23: Pengadilan Negeri Tasikmalaya Klas 1A | AC23: 3
A24: =A23+1 -> 18 | B24: Pengadilan Negeri Wates | C24: Penunjukan Majelis Hakim/Hakim – setelah perkara pidana dilimpahkan melalui PTSP dan diinput ke SIPP, Panitera Muda Pidana mengajukan penunjukan Majelis Hakim kepada Ketua/Wakil Ketua Pengadilan Negeri. | D24: Sektor Pelayanan Publik | E24: Level 3 - Kadang Terjadi | F24: Meski sudah ada otorisasi user dan password personal pada aplikasi SIPP, masih terbuka celah permintaan pemilihan Majelis Hakim oleh pihak berperkara/jaksa maupun inisiatif hakim/panitera, sehingga potensi terjadinya tergolong kadang terjadi. | G24: Level 4 - Signifikan | H24: Kurangnya kepercayaan masyarakat terhadap Mahkamah Agung apabila penunjukan Majelis Hakim disalahgunakan untuk kepentingan suap atau gratifikasi. | J24: Lain-lain | K24: 1. Adanya permintaan pihak berperkara atau jaksa terkait pemilihan Majelis Hakim. 2. Adanya permintaan hakim untuk memilih perkara yang mengandung suap/gratifikasi, atau permintaan Panitera/Panmud atas keinginan pihak berperkara, termasuk potensi pemerasan oleh Ketua/Wakil Ketua, Hakim, Panitera, atau Panmud dengan menjanjikan pemilihan Majelis Hakim. | L24: 12 - Level Risiko Sedang | N24: 1. Pembinaan oleh Ketua setiap bulan. 2. Pakta integritas. 3. Perma No. 7 Tahun 2016, Perma No. 8 Tahun 2016, dan Perma No. 9 Tahun 2016. 4. Maklumat 01/Maklumat/KMA/IX/2017. 5. SKB Ketua MA RI dan Ketua KY RI No. 047/KMA/SKB/IV/2009-02/SKB/P.KY/IV/2009 tentang Kode Etik dan Pedoman Perilaku Hakim. 6. Otorisasi pengguna aplikasi SIPP melalui user dan password personal. | P24: Sosialisasi dan internalisasi kode etik dan pedoman perilaku hakim serta Perma No.7/2016 dan No.8/2018, penerapan pengawasan melekat, sosialisasi Maklumat KMA 01/2017, dan otorisasi personal user/password SIPP. PIC: Ketua/Wakil Ketua Pengadilan, target Juli 2024. | Q24: =IF(ISBLANK(D24),"",VLOOKUP(D24,$AE$6:$AF$9,2,FALSE)) -> 7 | R24: =IF(ISBLANK(E24),"",VLOOKUP(E24,$AH$6:$AI$9,2,FALSE)) -> 3 | S24: =IF(ISBLANK(G24),"",VLOOKUP(G24,$AL$6:$AM$9,2,FALSE)) -> #N/A | T24: =IF(ISBLANK(J24),"",VLOOKUP(J24,$AP$6:$AQ$9,2,FALSE)) -> #N/A | U24: =IF(ISNUMBER(R24),VLOOKUP(R24,$AI$6:$AJ$9,2,FALSE),"") -> 3 | V24: =IF(ISNUMBER(S24),VLOOKUP(S24,$AM$6:$AN$11,2,FALSE),"") | W24: =IF(AND(ISNUMBER(U24),ISNUMBER(V24)),U24*V24,"") | X24: =IF(ISNUMBER(W24),LOOKUP(W24,$AS$6:$AS$9,$AV$6:$AV$9),"") | Y24: =IF(ISNUMBER(W24),LOOKUP(W24,$AS$6:$AS$9,$AU$6:$AU$9),"") | AA24: 2025 | AB24: Pengadilan Negeri Bantul | AC24: 2
A25: =A24+1 -> 19 | B25: Pengadilan Negeri Wates | C25: Proses Persidangan dan Penjatuhan Putusan – pemeriksaan perkara pidana oleh Majelis Hakim hingga penjatuhan putusan. | D25: Sektor Pelayanan Publik | E25: Level 3 - Kadang Terjadi | F25: Belum adanya pembatasan akses hakim dengan para pihak berperkara membuka peluang komunikasi yang berpotensi disalahgunakan, meskipun sudah diterapkan pengawasan melekat dan pembatasan interaksi. | G25: Level 4 - Signifikan | H25: Kurangnya kepercayaan masyarakat Indonesia terhadap lembaga Mahkamah Agung apabila proses persidangan/putusan dipengaruhi suap atau gratifikasi. | J25: Lain-lain | K25: Adanya keinginan/niat pribadi Hakim untuk dengan sengaja 'bermain perkara', serta belum adanya batasan akses antara hakim dengan para pihak berperkara. | L25: 12 - Level Risiko Sedang | N25: 1. Pembinaan oleh Ketua setiap bulan. 2. Pakta integritas. 3. Perma No. 7 Tahun 2016 dan No. 8 Tahun 2016. 4. Maklumat 01/Maklumat/KMA/IX/2017. 5. SKB Ketua MA RI-KY RI tentang Kode Etik dan Pedoman Perilaku Hakim. 6. Pembatasan akses masuk melalui personalisasi security lock door. 7. Pembatasan interaksi dengan para pihak (larangan pertukaran nomor HP, pemisahan tempat makan di kantin). | P25: Sosialisasi kode etik dan Perma terkait, penguatan pengawasan melekat, serta pembatasan akses masuk dan interaksi dengan para pihak berperkara. PIC: Ketua/Wakil Ketua Pengadilan, target Juli 2024. | Q25: =IF(ISBLANK(D25),"",VLOOKUP(D25,$AE$6:$AF$9,2,FALSE)) -> 7 | R25: =IF(ISBLANK(E25),"",VLOOKUP(E25,$AH$6:$AI$9,2,FALSE)) -> 3 | S25: =IF(ISBLANK(G25),"",VLOOKUP(G25,$AL$6:$AM$9,2,FALSE)) -> #N/A | T25: =IF(ISBLANK(J25),"",VLOOKUP(J25,$AP$6:$AQ$9,2,FALSE)) -> #N/A | U25: =IF(ISNUMBER(R25),VLOOKUP(R25,$AI$6:$AJ$9,2,FALSE),"") -> 3 | V25: =IF(ISNUMBER(S25),VLOOKUP(S25,$AM$6:$AN$11,2,FALSE),"") | W25: =IF(AND(ISNUMBER(U25),ISNUMBER(V25)),U25*V25,"") | X25: =IF(ISNUMBER(W25),LOOKUP(W25,$AS$6:$AS$9,$AV$6:$AV$9),"") | Y25: =IF(ISNUMBER(W25),LOOKUP(W25,$AS$6:$AS$9,$AU$6:$AU$9),"") | AA25: 2025 | AB25: Pengadilan Agama Magelang | AC25: 1
A26: =A25+1 -> 20 | B26: Pengadilan Negeri Wates | C26: Proses Penyerahan Salinan Putusan – putusan yang telah diparaf dan ditandatangani Majelis Hakim dilimpahkan ke Kepaniteraan Pidana untuk dikirimkan salinan dan petikan putusan kepada Kejaksaan, Kepolisian, Penasihat Hukum, Terdakwa, serta Kalapas. | D26: Sektor Pelayanan Publik | E26: Level 3 - Kadang Terjadi | F26: Adanya pihak berkepentingan yang berupaya menunda atau mempercepat proses penerbitan salinan putusan menimbulkan potensi permintaan imbalan, meski sudah ada pengawasan melekat dan sosialisasi kode etik kepaniteraan. | G26: Level 3 - Moderat | H26: Kurangnya kepercayaan masyarakat terhadap Pengadilan Negeri Wates apabila proses penyerahan salinan putusan dijadikan sarana pemerasan atau gratifikasi. | J26: Sistem | K26: Adanya pihak berkepentingan yang berupaya menunda-nunda atau mempercepat proses dikeluarkannya putusan untuk kepentingan pribadi. | L26: 9 - Level Risiko Rendah | N26: 1. Sosialisasi Maklumat 01/Maklumat/KMA/IX/2017. 2. Sosialisasi Keputusan KMA No.122/KMA/SK/VII/2013 tentang Kode Etik dan Pedoman Perilaku Panitera dan Juru Sita. 3. Penerapan pengawasan melekat. 4. Penerapan Aplikasi layanan SPPT-TI Pidana (e-Berpadu). | P26: Penguatan sosialisasi kode etik kepaniteraan dan jurusita serta penerapan pengawasan melekat secara konsisten. PIC: Ketua/Wakil Ketua Pengadilan, target Juli 2024. | Q26: =IF(ISBLANK(D26),"",VLOOKUP(D26,$AE$6:$AF$9,2,FALSE)) -> 7 | R26: =IF(ISBLANK(E26),"",VLOOKUP(E26,$AH$6:$AI$9,2,FALSE)) -> 3 | S26: =IF(ISBLANK(G26),"",VLOOKUP(G26,$AL$6:$AM$9,2,FALSE)) -> 3 | T26: =IF(ISBLANK(J26),"",VLOOKUP(J26,$AP$6:$AQ$9,2,FALSE)) -> #N/A | U26: =IF(ISNUMBER(R26),VLOOKUP(R26,$AI$6:$AJ$9,2,FALSE),"") -> 3 | V26: =IF(ISNUMBER(S26),VLOOKUP(S26,$AM$6:$AN$11,2,FALSE),"") -> 3 | W26: =IF(AND(ISNUMBER(U26),ISNUMBER(V26)),U26*V26,"") -> 9 | X26: =IF(ISNUMBER(W26),LOOKUP(W26,$AS$6:$AS$9,$AV$6:$AV$9),"") -> 3 | Y26: =IF(ISNUMBER(W26),LOOKUP(W26,$AS$6:$AS$9,$AU$6:$AU$9),"") -> Level Risiko Rendah | AA26: 2025 | AB26: Pengadilan Agama Banjarmasin Kelas IA | AC26: 5
A27: =A26+1 -> 21 | B27: Pengadilan Negeri Wates | C27: Eksekusi – penerimaan dan penelaahan permohonan eksekusi, penaksiran dan pembayaran biaya eksekusi, pembuatan penetapan eksekusi, pelaksanaan aanmaning, hingga pelaksanaan eksekusi. | D27: Sektor Pelayanan Publik | E27: Level 4 - Sering Terjadi | F27: Proses eksekusi melibatkan interaksi intensif antara Jurusita dan para pihak di lapangan sehingga rawan permintaan atau pemberian gratifikasi, meskipun sudah ada SOP dan Pedoman Eksekusi. | G27: Level 3 - Moderat | H27: Berdampak pada reputasi/kepercayaan publik atas Pengadilan Negeri Wates apabila pelaksanaan eksekusi diwarnai suap, gratifikasi, atau pemerasan. | J27: Sistem | K27: 1. Kurangnya pengawasan oleh pimpinan saat pelaksanaan eksekusi. 2. Jangka waktu penanganan eksekusi tidak dilaksanakan sesuai SOP Eksekusi. | L27: 12 - Level Risiko Sedang | N27: 1. Pembinaan oleh Ketua setiap bulan. 2. Pakta integritas. 3. Perma No. 8 Tahun 2016 dan No. 9 Tahun 2016. 4. SOP dan Pedoman Eksekusi. 5. Sosialisasi kode etik pegawai dan pemberian stiker SMAP pada setiap pengunjung. | P27: Sosialisasi kode etik pegawai, penguatan pengawasan melekat, pemasangan media edukasi anti-gratifikasi (audio, stiker SMAP), dan pembacaan SE SEKMA No.17/2019. PIC: Ketua Pengadilan/Panitera, target Juli 2024. | Q27: =IF(ISBLANK(D27),"",VLOOKUP(D27,$AE$6:$AF$9,2,FALSE)) -> 7 | R27: =IF(ISBLANK(E27),"",VLOOKUP(E27,$AH$6:$AI$9,2,FALSE)) -> #N/A | S27: =IF(ISBLANK(G27),"",VLOOKUP(G27,$AL$6:$AM$9,2,FALSE)) -> 3 | T27: =IF(ISBLANK(J27),"",VLOOKUP(J27,$AP$6:$AQ$9,2,FALSE)) -> #N/A | U27: =IF(ISNUMBER(R27),VLOOKUP(R27,$AI$6:$AJ$9,2,FALSE),"") | V27: =IF(ISNUMBER(S27),VLOOKUP(S27,$AM$6:$AN$11,2,FALSE),"") -> 3 | W27: =IF(AND(ISNUMBER(U27),ISNUMBER(V27)),U27*V27,"") | X27: =IF(ISNUMBER(W27),LOOKUP(W27,$AS$6:$AS$9,$AV$6:$AV$9),"") | Y27: =IF(ISNUMBER(W27),LOOKUP(W27,$AS$6:$AS$9,$AU$6:$AU$9),"") | AA27: 2025 | AB27: Pengadilan Agama Jakarta Selatan | AC27: 4
A28: =A27+1 -> 22 | B28: Pengadilan Negeri Wates | C28: Persidangan Gugatan/Permohonan/Bantahan Perdata/Gugatan Sederhana/e-Court – penunjukan hakim/majelis, panitera, dan jurusita, penetapan hari sidang, hingga proses persidangan sampai putusan. | D28: Sektor Pelayanan Publik | E28: Level 3 - Kadang Terjadi | F28: Interaksi antara Hakim/Panitera Pengganti dengan para pihak berperkara dalam proses persidangan tetap membuka peluang gratifikasi meski telah ada larangan pemberian nomor kontak dan janji kepada para pihak. | G28: Level 4 - Signifikan | H28: Berdampak kepada reputasi/kepercayaan publik atas Mahkamah Agung apabila proses persidangan hingga putusan perkara perdata dipengaruhi suap atau gratifikasi. | J28: Sistem | K28: Kurangnya pengawasan pimpinan saat proses persidangan serta proses persidangan yang tidak sepenuhnya dilakukan berdasarkan SOP. | L28: 12 - Level Risiko Sedang | N28: 1. Sosialisasi dan internalisasi kode etik kepaniteraan, jurusita, dan pegawai. 2. Penerapan pengawasan melekat. 3. Tidak berhubungan dengan para pihak berperkara melalui pemberian nomor kontak. 4. Tidak memberikan janji kepada pihak yang berperkara. | P28: Penguatan sosialisasi kode etik dan larangan interaksi personal dengan para pihak berperkara, disertai pengawasan melekat oleh Ketua/Wakil Ketua/Panitera. PIC: Hakim, target Juli 2024. | Q28: =IF(ISBLANK(D28),"",VLOOKUP(D28,$AE$6:$AF$9,2,FALSE)) -> 7 | R28: =IF(ISBLANK(E28),"",VLOOKUP(E28,$AH$6:$AI$9,2,FALSE)) -> 3 | S28: =IF(ISBLANK(G28),"",VLOOKUP(G28,$AL$6:$AM$9,2,FALSE)) -> #N/A | T28: =IF(ISBLANK(J28),"",VLOOKUP(J28,$AP$6:$AQ$9,2,FALSE)) -> #N/A | U28: =IF(ISNUMBER(R28),VLOOKUP(R28,$AI$6:$AJ$9,2,FALSE),"") -> 3 | V28: =IF(ISNUMBER(S28),VLOOKUP(S28,$AM$6:$AN$11,2,FALSE),"") | W28: =IF(AND(ISNUMBER(U28),ISNUMBER(V28)),U28*V28,"") | X28: =IF(ISNUMBER(W28),LOOKUP(W28,$AS$6:$AS$9,$AV$6:$AV$9),"") | Y28: =IF(ISNUMBER(W28),LOOKUP(W28,$AS$6:$AS$9,$AU$6:$AU$9),"") | AA28: 2025 | AB28: Pengadilan Agama Tangerang | AC28: 3
A29: =A28+1 -> 23 | B29: Pengadilan Negeri Wates | C29: Pendaftaran Surat Ijin Kuasa Insidentil – penerimaan berkas permohonan, penelitian kelengkapan, pembuatan dan penandatanganan penetapan, pencatatan register, hingga penyerahan surat kuasa insidentil kepada pemohon. | D29: Sektor Pelayanan Publik | E29: Level 3 - Kadang Terjadi | F29: Proses berjenjang yang melibatkan beberapa pejabat (Panmud Hukum, Panitera, Ketua Pengadilan) membuka celah penyalahgunaan wewenang untuk memperoleh insentif di luar ketentuan. | G29: Level 3 - Moderat | H29: Berdampak kepada reputasi/kepercayaan publik atas Bagian/Subbagian akibat penyalahgunaan wewenang dalam penerbitan izin kuasa insidentil. | J29: Sistem | K29: 1. Kurangnya pengawasan dari pimpinan. 2. Penyalahgunaan wewenang untuk mendapatkan insentif yang tidak seharusnya. | L29: 9 - Level Risiko Rendah | N29: 1. Sosialisasi SOP pendaftaran Surat Kuasa Insidentil melalui brosur. 2. Adanya checklist persyaratan pendaftaran. 3. Pengawasan Hawasbid PTSP. | P29: Sosialisasi SOP pendaftaran melalui brosur, penerapan checklist persyaratan, dan penguatan pengawasan Hawasbid PTSP. PIC: Ketua/Panitera/Panmud Hukum/Petugas PTSP, target Juli 2024. | Q29: =IF(ISBLANK(D29),"",VLOOKUP(D29,$AE$6:$AF$9,2,FALSE)) -> 7 | R29: =IF(ISBLANK(E29),"",VLOOKUP(E29,$AH$6:$AI$9,2,FALSE)) -> 3 | S29: =IF(ISBLANK(G29),"",VLOOKUP(G29,$AL$6:$AM$9,2,FALSE)) -> 3 | T29: =IF(ISBLANK(J29),"",VLOOKUP(J29,$AP$6:$AQ$9,2,FALSE)) -> #N/A | U29: =IF(ISNUMBER(R29),VLOOKUP(R29,$AI$6:$AJ$9,2,FALSE),"") -> 3 | V29: =IF(ISNUMBER(S29),VLOOKUP(S29,$AM$6:$AN$11,2,FALSE),"") -> 3 | W29: =IF(AND(ISNUMBER(U29),ISNUMBER(V29)),U29*V29,"") -> 9 | X29: =IF(ISNUMBER(W29),LOOKUP(W29,$AS$6:$AS$9,$AV$6:$AV$9),"") -> 3 | Y29: =IF(ISNUMBER(W29),LOOKUP(W29,$AS$6:$AS$9,$AU$6:$AU$9),"") -> Level Risiko Rendah | AA29: 2025 | AB29: Pengadilan Agama Jakarta Utara | AC29: 2
A30: =A29+1 -> 24 | B30: Pengadilan Negeri Wates | C30: Pertanggungjawaban Belanja terhadap Pihak Ketiga/Rekanan – pemeriksaan dokumen permintaan pembayaran, penghitungan pajak, pembuatan SPBy/SPP, pengujian oleh PPK, hingga penerbitan SPM dan pengiriman data ke KPPN. | D30: Sektor Pengadaan Barang dan/atau Jasa | E30: Level 3 - Kadang Terjadi | F30: Interaksi rutin dengan rekanan dalam proses pembayaran menimbulkan potensi gratifikasi meski telah ada pakta integritas rekanan dan pemeriksaan berjenjang oleh Kimwasbid. | G30: Level 3 - Moderat | H30: Menurunnya kepercayaan publik kepada yang bersangkutan, Bagian/Subbagian, dan Pengadilan (Satker) apabila terjadi kerugian keuangan negara akibat suap/gratifikasi dalam pembayaran kepada rekanan. | J30: Sistem | K30: Kurangnya integritas dari pengelola keuangan dan lemahnya pengawasan dari atasan dalam proses pembayaran kepada pihak ketiga/rekanan. | L30: 9 - Level Risiko Rendah | N30: 1. Pembinaan dan pengawasan oleh atasan. 2. Pemeriksaan oleh Kimwasbid. 3. Pernyataan rekanan untuk tidak melakukan suap/korupsi/gratifikasi yang dibuktikan dengan pakta integritas. | P30: Penguatan pembinaan dan pengawasan oleh atasan serta konsistensi penandatanganan pakta integritas oleh rekanan pada setiap transaksi. PIC: Sekretaris/PPK/PPSPM/Kasubbag Umum dan Keuangan, target Juli 2024. | Q30: =IF(ISBLANK(D30),"",VLOOKUP(D30,$AE$6:$AF$9,2,FALSE)) -> 8 | R30: =IF(ISBLANK(E30),"",VLOOKUP(E30,$AH$6:$AI$9,2,FALSE)) -> 3 | S30: =IF(ISBLANK(G30),"",VLOOKUP(G30,$AL$6:$AM$9,2,FALSE)) -> 3 | T30: =IF(ISBLANK(J30),"",VLOOKUP(J30,$AP$6:$AQ$9,2,FALSE)) -> #N/A | U30: =IF(ISNUMBER(R30),VLOOKUP(R30,$AI$6:$AJ$9,2,FALSE),"") -> 3 | V30: =IF(ISNUMBER(S30),VLOOKUP(S30,$AM$6:$AN$11,2,FALSE),"") -> 3 | W30: =IF(AND(ISNUMBER(U30),ISNUMBER(V30)),U30*V30,"") -> 9 | X30: =IF(ISNUMBER(W30),LOOKUP(W30,$AS$6:$AS$9,$AV$6:$AV$9),"") -> 3 | Y30: =IF(ISNUMBER(W30),LOOKUP(W30,$AS$6:$AS$9,$AU$6:$AU$9),"") -> Level Risiko Rendah | AA30: 2025 | AB30: Pengadilan Agama Bogor | AC30: 1
A31: =A30+1 -> 25 | B31: Pengadilan Negeri Wates | C31: Pelaksanaan Pengadaan Barang dan Jasa – perencanaan, persiapan, pemilihan penyedia, pengelolaan kontrak, hingga penerimaan hasil pekerjaan/pengiriman barang. | D31: Sektor Pengadaan Barang dan/atau Jasa | E31: Level 3 - Kadang Terjadi | F31: Proses pemilihan penyedia dan pengelolaan kontrak yang melibatkan pihak ketiga tetap berpotensi diwarnai suap/gratifikasi meski proses pengadaan telah dipublikasikan secara terbuka. | G31: Level 3 - Moderat | H31: Menurunnya kepercayaan publik kepada yang bersangkutan, Bagian/Subbagian, dan Pengadilan (Satker) akibat kerugian keuangan negara dalam pengadaan barang/jasa. | J31: Sistem | K31: Adanya kesempatan/peluang akibat lemahnya pengawasan serta dorongan individu untuk memperkaya diri sendiri/kelompoknya dalam proses pengadaan. | L31: 9 - Level Risiko Rendah | N31: 1. Pembinaan dan pengawasan oleh atasan. 2. Pemeriksaan oleh Kimwasbid. 3. Pernyataan rekanan melalui pakta integritas. 4. Proses pengadaan yang terbuka dan dipublikasikan. | P31: Penguatan transparansi proses pengadaan melalui publikasi terbuka dan pengawasan berjenjang oleh Kimwasbid. PIC: Sekretaris/PPK/PBJ, target Juli 2024. | Q31: =IF(ISBLANK(D31),"",VLOOKUP(D31,$AE$6:$AF$9,2,FALSE)) -> 8 | R31: =IF(ISBLANK(E31),"",VLOOKUP(E31,$AH$6:$AI$9,2,FALSE)) -> 3 | S31: =IF(ISBLANK(G31),"",VLOOKUP(G31,$AL$6:$AM$9,2,FALSE)) -> 3 | T31: =IF(ISBLANK(J31),"",VLOOKUP(J31,$AP$6:$AQ$9,2,FALSE)) -> #N/A | U31: =IF(ISNUMBER(R31),VLOOKUP(R31,$AI$6:$AJ$9,2,FALSE),"") -> 3 | V31: =IF(ISNUMBER(S31),VLOOKUP(S31,$AM$6:$AN$11,2,FALSE),"") -> 3 | W31: =IF(AND(ISNUMBER(U31),ISNUMBER(V31)),U31*V31,"") -> 9 | X31: =IF(ISNUMBER(W31),LOOKUP(W31,$AS$6:$AS$9,$AV$6:$AV$9),"") -> 3 | Y31: =IF(ISNUMBER(W31),LOOKUP(W31,$AS$6:$AS$9,$AU$6:$AU$9),"") -> Level Risiko Rendah | AA31: 2025 | AB31: Pengadilan Agama Yogyakarta | AC31: 5
A32: =A31+1 -> 26 | B32: Pengadilan Negeri Wates | C32: Penatausahaan Sewa BMN – pengajuan usulan sewa ke KPKNL, survei/penilaian objek sewa, penentuan besaran sewa, penetapan sewa oleh KPKNL, hingga pembayaran biaya sewa ke kas negara dan pelaporan. | D32: Sektor Pengadaan Barang dan/atau Jasa | E32: Level 3 - Kadang Terjadi | F32: Proses usulan dan penetapan sewa yang cukup panjang dan melibatkan lebih dari satu pihak (KPKNL dan Sekretaris MA RI) membuka celah permintaan imbalan dari calon penyewa. | G32: Level 3 - Moderat | H32: Turunnya kepercayaan publik terhadap individu, bagian/sub bagian, maupun Pengadilan (Satker) apabila proses persewaan BMN diwarnai gratifikasi atau pemerasan. | J32: Sistem | K32: 1. Kurangnya pengawasan oleh pimpinan. 2. Kurangnya pemahaman atas SOP Sewa BMN. 3. Proses usulan dan penetapan sewa memerlukan waktu panjang dan melibatkan lebih dari satu pihak. | L32: 9 - Level Risiko Rendah | N32: 1. Pembinaan dan pengawasan oleh atasan. 2. Sosialisasi peraturan dan SOP yang berlaku. 3. Kontrak berdasarkan penetapan dari KPKNL. | P32: Penguatan sosialisasi SOP Sewa BMN dan monitoring berkala atas proses usulan-penetapan sewa. PIC: Operator BMN/Kasub Umum dan Keuangan/Sekretaris, target Juli 2024. | Q32: =IF(ISBLANK(D32),"",VLOOKUP(D32,$AE$6:$AF$9,2,FALSE)) -> 8 | R32: =IF(ISBLANK(E32),"",VLOOKUP(E32,$AH$6:$AI$9,2,FALSE)) -> 3 | S32: =IF(ISBLANK(G32),"",VLOOKUP(G32,$AL$6:$AM$9,2,FALSE)) -> 3 | T32: =IF(ISBLANK(J32),"",VLOOKUP(J32,$AP$6:$AQ$9,2,FALSE)) -> #N/A | U32: =IF(ISNUMBER(R32),VLOOKUP(R32,$AI$6:$AJ$9,2,FALSE),"") -> 3 | V32: =IF(ISNUMBER(S32),VLOOKUP(S32,$AM$6:$AN$11,2,FALSE),"") -> 3 | W32: =IF(AND(ISNUMBER(U32),ISNUMBER(V32)),U32*V32,"") -> 9 | X32: =IF(ISNUMBER(W32),LOOKUP(W32,$AS$6:$AS$9,$AV$6:$AV$9),"") -> 3 | Y32: =IF(ISNUMBER(W32),LOOKUP(W32,$AS$6:$AS$9,$AU$6:$AU$9),"") -> Level Risiko Rendah | AA32: 2025 | AB32: Pengadilan Agama Batam | AC32: 4
A33: =A32+1 -> 27 | B33: Pengadilan Negeri Wates | C33: Tata Kelola Baperjakat – pelaksanaan rapat Baperjakat sesuai SK KMA/SEKMA dengan mempertimbangkan Analisis Kebutuhan Pegawai, Peta Jabatan, dan Peta Kekuatan Pegawai. | D33: Sektor Pengelolaan Sumber Daya Manusia | E33: Level 3 - Kadang Terjadi | F33: Keterbatasan jabatan struktural yang tersedia serta keinginan pegawai/pimpinan untuk mengarahkan jabatan tertentu berpotensi memicu gratifikasi meski telah diterapkan pakta integritas. | G33: Level 3 - Moderat | H33: Berdampak pada reputasi/kepercayaan publik atas individu yang bersangkutan, Bagian/Subbagian, dan Pengadilan (Satker) apabila proses Baperjakat tidak obyektif. | J33: Lain-lain | K33: 1. Terbatasnya jabatan struktural yang tersedia/menunggu pejabat lama pensiun. 2. Keinginan pegawai untuk memperoleh jabatan tertentu, atau kecenderungan pimpinan/Tim Baperjakat kepada orang tertentu di luar kewenangan. | L33: 9 - Level Risiko Rendah | N33: 1. Pembinaan oleh Ketua setiap bulan. 2. Pakta integritas. 3. Perma No. 9 Tahun 2016. 4. Kode Etik dan Pedoman Perilaku Hakim dan PNS. 5. PP No. 94 Tahun 2021 tentang Disiplin PNS. 6. SOP Baperjakat. 7. Berita Acara Rapat Tim Baperjakat yang menegaskan bebas dari KKN, penyuapan, dan gratifikasi. | P33: Penguatan sosialisasi kode etik dan konsistensi penandatanganan pakta integritas pada setiap rapat Baperjakat. PIC: Ketua/Tim Baperjakat, target Juli 2024. | Q33: =IF(ISBLANK(D33),"",VLOOKUP(D33,$AE$6:$AF$9,2,FALSE)) -> 9 | R33: =IF(ISBLANK(E33),"",VLOOKUP(E33,$AH$6:$AI$9,2,FALSE)) -> 3 | S33: =IF(ISBLANK(G33),"",VLOOKUP(G33,$AL$6:$AM$9,2,FALSE)) -> 3 | T33: =IF(ISBLANK(J33),"",VLOOKUP(J33,$AP$6:$AQ$9,2,FALSE)) -> #N/A | U33: =IF(ISNUMBER(R33),VLOOKUP(R33,$AI$6:$AJ$9,2,FALSE),"") -> 3 | V33: =IF(ISNUMBER(S33),VLOOKUP(S33,$AM$6:$AN$9,2,FALSE),"") -> 3 | W33: =IF(AND(ISNUMBER(U33),ISNUMBER(V33)),U33*V33,"") -> 9 | X33: =IF(ISNUMBER(W33),LOOKUP(W33,$AS$6:$AS$9,$AV$6:$AV$9),"") -> 3 | Y33: =IF(ISNUMBER(W33),LOOKUP(W33,$AS$6:$AS$9,$AU$6:$AU$9),"") -> Level Risiko Rendah | AA33: 2025 | AB33: Pengadilan Agama Denpasar | AC33: 3
A34: =A33+1 -> 28 | B34: Pengadilan Negeri Wates | C34: Tata Kelola Rekrutmen, Pembinaan, dan Evaluasi Tenaga PPNPN – seleksi terbuka berpedoman SK SEKMA No.811/SEK/SK/VIII/2021 serta evaluasi kinerja triwulanan. | D34: Sektor Pengelolaan Sumber Daya Manusia | E34: Level 3 - Kadang Terjadi | F34: Belum ditunjuknya tim independen untuk seleksi tenaga kontrak serta anggapan bahwa praktik suap dianggap wajar meningkatkan potensi gratifikasi dalam proses rekrutmen PPNPN. | G34: Level 3 - Moderat | H34: Berdampak pada reputasi/kepercayaan publik atas individu, Bagian/Subbagian, dan Pengadilan (Satker) apabila rekrutmen PPNPN tidak transparan. | J34: Lain-lain | K34: 1. Belum ditunjuknya tim independen untuk menyeleksi penerimaan tenaga kontrak. 2. Keinginan internal untuk memasukkan anggota keluarga/saudara sebagai tenaga honorer. 3. Anggapan bahwa praktik suap-menyuap adalah wajar (rasionalisasi). | L34: 9 - Level Risiko Rendah | N34: 1. Pembinaan oleh Ketua setiap bulan. 2. Pakta integritas. 3. Perma No. 9 Tahun 2016. 4. Kode Etik dan Pedoman Perilaku Hakim dan PNS. 5. PP No. 94 Tahun 2021 tentang Disiplin PNS. 6. Pengumuman pengadaan PPNPN secara terbuka melalui website dan media sosial. | P34: Pembentukan tim seleksi yang lebih independen dan penguatan pengumuman terbuka pada setiap tahap rekrutmen PPNPN. PIC: Ketua/Tim Pengadaan PPNPN, target Juli 2024. | Q34: =IF(ISBLANK(D34),"",VLOOKUP(D34,$AE$6:$AF$9,2,FALSE)) -> 9 | R34: =IF(ISBLANK(E34),"",VLOOKUP(E34,$AH$6:$AI$9,2,FALSE)) -> 3 | S34: =IF(ISBLANK(G34),"",VLOOKUP(G34,$AL$6:$AM$9,2,FALSE)) -> 3 | T34: =IF(ISBLANK(J34),"",VLOOKUP(J34,$AP$6:$AQ$9,2,FALSE)) -> #N/A | U34: =IF(ISNUMBER(R34),VLOOKUP(R34,$AI$6:$AJ$9,2,FALSE),"") -> 3 | V34: =IF(ISNUMBER(S34),VLOOKUP(S34,$AM$6:$AN$9,2,FALSE),"") -> 3 | W34: =IF(AND(ISNUMBER(U34),ISNUMBER(V34)),U34*V34,"") -> 9 | X34: =IF(ISNUMBER(W34),LOOKUP(W34,$AS$6:$AS$9,$AV$6:$AV$9),"") -> 3 | Y34: =IF(ISNUMBER(W34),LOOKUP(W34,$AS$6:$AS$9,$AU$6:$AU$9),"") -> Level Risiko Rendah | AA34: 2025 | AB34: Pengadilan Militer II-09 Bandung | AC34: 2
AA35: 2025 | AB35: Pengadilan Tata Usaha Negara Yogyakarta | AC35: 1

Sheet RR IANA
A1: FORM RISK REGISTER 2026
A2: Nama UPG | B2: UPG MAHKAMAH AGUNG | D2: Triwulan | E2: 3 | F2: Tahun | G2: 2026
A3: Keterangan: * Wajib diisi. Sheet ini standalone (tidak terhubung ke sheet lain). Kolom abu-abu (Q:Z) berisi kode/skor hasil kalkulasi otomatis dari tabel referensi di kanan (AE:AV), kecuali kolom Z (unitkerjaid) yang diisi manual bila diperlukan.
A4: No. | B4: Unit Kerja yang memiliki risiko gratifikasi | C4: Potensi Terjadinya Gratifikasi | D4: Klasifikasi Risiko | E4: Probabilitas Potensi Gratifikasi | G4: Dampak Gratifikasi | I4: Alasan/Penyebab Utama | L4: Level Risiko | M4: Sistem Pengendalian dan Pengawasan yang ada | O4: Rencana Mitigasi/Perbaikan | Q4: klasifikasirisikoid | R4: probabilitasrisikoid | S4: dampakrisikoid | T4: faktorpenyebabid | U4: levelprobabilitas | V4: leveldampak | W4: levelrisiko | X4: levelrisikoid | Y4: levelrisikodesc | AA4: Tahun Analisis | AB4: Daftar Satker Relevan (Hasil Analisis 2024–2025) | AC4: PIC | AE4: Klasifikasi Risiko | AH4: Probabilitas Risiko | AL4: Dampak Risiko | AP4: Faktor Penyebab | AS4: Level Risiko
E5: Probabilitas Risiko | F5: Keterangan | G5: Dampak Risiko | H5: Keterangan | I5: No. | J5: Klasifikasi Penyebab | K5: Keterangan | M5: No. | N5: Keterangan | O5: No. | P5: Keterangan | AA5: 2024 | AB5: Pengadilan Negeri Palembang | AC5: 5 | AE5: Label | AF5: Id | AH5: Label | AI5: Id | AJ5: Level | AL5: Label | AM5: Id | AN5: Level | AP5: Label | AQ5: Id | AS5: Lower Limit | AT5: Upper Limit | AU5: Description | AV5: Id
A6: =ROW()-5 -> 1 | B6: Pengadilan Negeri Pati | C6: Persidangan Gugatan/permohonan/bantahan perdata/gugatan sederhana/e-court | D6: Sektor Pelayanan Publik | E6: Level 4 - Sering Terjadi | G6: Level 4 - Signifikan | H6: 1. Turunnya kepercayaan publik terhadap lembaga peradilan 2. Merusak citra lembaga peradilan 3. Turunnya nilai SPIP lembaga peradilan 4. Pengaduan Masyarakat 5. Turunnya nilai SIPP | J6: Penegakan Aturan | K6: 1. Penyalahgunaan wewenang dan hukum acara 2. Tidak berpegang teguh terhadap norma agama dan kode etik hakim dan panitera 3. Ketidak patuhan terhadap jangka waktu penanganan perkara/court calender | L6: =IF(ISNUMBER(X6),W6&" - "&Y6,"") -> 16 - Level Risiko Tinggi | N6: 1. Pembinaan oleh Ketua secara berkala 2. Pakta integritas 3. Perma No 8 Tahun 2016 4. Perma No 9 Tahun 2016 5. SOP dan Hukum Acara 6. Kode etik dan norma perilaku 7. Penggunaan e-court 8. Kepatuhan court calender 9. satgas SIPP 10. Pelaksanaan MIS 11. Campaign anti grativikasi | Q6: =IF(ISBLANK(D6),"",VLOOKUP(D6,$AE$6:$AF$10,2,FALSE)) -> 7 | R6: =IF(ISBLANK(E6),"",VLOOKUP(E6,$AH$6:$AI$10,2,FALSE)) -> 4 | S6: =IF(ISBLANK(G6),"",VLOOKUP(G6,$AL$6:$AM$10,2,FALSE)) -> 4 | T6: =IF(ISBLANK(J6),"",VLOOKUP(J6,$AP$6:$AQ$10,2,FALSE)) -> 2 | U6: =IF(ISNUMBER(R6),VLOOKUP(R6,$AI$6:$AJ$10,2,FALSE),"") -> 4 | V6: =IF(ISNUMBER(S6),VLOOKUP(S6,$AM$6:$AN$10,2,FALSE),"") -> 4 | W6: =IF(AND(ISNUMBER(U6),ISNUMBER(V6)),U6*V6,"") -> 16 | X6: =IF(ISNUMBER(W6),LOOKUP(W6,$AS$6:$AS$10,$AV$6:$AV$10),"") -> 6 | Y6: =IF(ISNUMBER(W6),LOOKUP(W6,$AS$6:$AS$10,$AU$6:$AU$10),"") -> Level Risiko Tinggi | AA6: 2024 | AB6: Pengadilan Negeri Pati | AC6: 4 | AE6: Sektor Pelayanan Publik | AF6: 7 | AH6: Level 1 - Hampir Tidak Terjadi | AI6: 1 | AJ6: 1 | AL6: Level 1 - Tidak Signifikan | AM6: 1 | AN6: 1 | AP6: Pemahaman | AQ6: 1 | AS6: 1 | AT6: 5 | AU6: Level Risiko Sangat Rendah | AV6: 2
A7: =ROW()-5 -> 2 | B7: Pengadilan Negeri Pati | C7: Salinan putusan/penetapan (gugatan/permohonan/bantahan perdata/gugatan sederhana) | D7: Sektor Pelayanan Publik | E7: Level 3 - Kadang Terjadi | G7: Level 3 - Moderat | H7: 1. Turunnya kepercayaan publik terhadap lembaga peradilan 2. Merusak citra lembaga peradilan 3. Turunnya nilai SPIP lembaga peradilan 4. Pengaduan Masyarakat 5. Turunnya nilai SIPP | J7: Penegakan Aturan | K7: 1. Jangka waktu penanganan salinan putusan tidak dilaksanakan sesuai dengan SOP dan peraturan 2. Tidak berpegang teguh terhadap norma agama dan kode etik | L7: =IF(ISNUMBER(X7),W7&" - "&Y7,"") -> 9 - Level Risiko Rendah | N7: 1. Pembinaan oleh Ketua secara berkala 2. Pakta integritas 3. Perma No 8 Tahun 2016 4. Perma No 9 Tahun 2016 5. SOP dan Hukum Acara 6. Kode etik dan norma perilaku 7. Penggunaan E-court 8. Penggunaan Aplikasi inovasi PIE 9. Pelaksanaan MIS | Q7: =IF(ISBLANK(D7),"",VLOOKUP(D7,$AE$6:$AF$10,2,FALSE)) -> 7 | R7: =IF(ISBLANK(E7),"",VLOOKUP(E7,$AH$6:$AI$10,2,FALSE)) -> 3 | S7: =IF(ISBLANK(G7),"",VLOOKUP(G7,$AL$6:$AM$10,2,FALSE)) -> 3 | T7: =IF(ISBLANK(J7),"",VLOOKUP(J7,$AP$6:$AQ$10,2,FALSE)) -> 2 | U7: =IF(ISNUMBER(R7),VLOOKUP(R7,$AI$6:$AJ$10,2,FALSE),"") -> 3 | V7: =IF(ISNUMBER(S7),VLOOKUP(S7,$AM$6:$AN$10,2,FALSE),"") -> 3 | W7: =IF(AND(ISNUMBER(U7),ISNUMBER(V7)),U7*V7,"") -> 9 | X7: =IF(ISNUMBER(W7),LOOKUP(W7,$AS$6:$AS$10,$AV$6:$AV$10),"") -> 3 | Y7: =IF(ISNUMBER(W7),LOOKUP(W7,$AS$6:$AS$10,$AU$6:$AU$10),"") -> Level Risiko Rendah | AA7: 2024 | AB7: Pengadilan Negeri Bogor | AC7: 3 | AE7: Sektor Pengadaan Barang dan/atau Jasa | AF7: 8 | AH7: Level 2 - Jarang Terjadi | AI7: 2 | AJ7: 2 | AL7: Level 2 - Minor | AM7: 2 | AN7: 2 | AP7: Penegakan Aturan | AQ7: 2 | AS7: 6 | AT7: 11 | AU7: Level Risiko Rendah | AV7: 3
A8: =ROW()-5 -> 3 | B8: Pengadilan Negeri Pati | C8: Pemeriksaan setempat | D8: Sektor Pemeriksaan/Audit | E8: Level 3 - Kadang Terjadi | G8: Level 3 - Moderat | H8: 1. Turunnya kepercayaan publik terhadap lembaga peradilan 2. Merusak citra lembaga peradilan | J8: Penegakan Aturan | K8: 1. Penetapan dan pembayaran biaya PS dilakukan tidak sesuai ketentuan 2. Tidak berpegang teguh terhadap norma agama dan kode etik Hakim, Panitera dan ASN | L8: =IF(ISNUMBER(X8),W8&" - "&Y8,"") -> 9 - Level Risiko Rendah | N8: 1. Pembinaan oleh Ketua secara berkala 2. Pakta integritas 3. Penguatan kerohanian 4. Perma No 8 Tahun 2016 5. Perma No 9 Tahun 2016 6. SOP dan Hukum Acara 7. Kode etik dan norma perilaku | Q8: =IF(ISBLANK(D8),"",VLOOKUP(D8,$AE$6:$AF$10,2,FALSE)) -> 11 | R8: =IF(ISBLANK(E8),"",VLOOKUP(E8,$AH$6:$AI$10,2,FALSE)) -> 3 | S8: =IF(ISBLANK(G8),"",VLOOKUP(G8,$AL$6:$AM$10,2,FALSE)) -> 3 | T8: =IF(ISBLANK(J8),"",VLOOKUP(J8,$AP$6:$AQ$10,2,FALSE)) -> 2 | U8: =IF(ISNUMBER(R8),VLOOKUP(R8,$AI$6:$AJ$10,2,FALSE),"") -> 3 | V8: =IF(ISNUMBER(S8),VLOOKUP(S8,$AM$6:$AN$10,2,FALSE),"") -> 3 | W8: =IF(AND(ISNUMBER(U8),ISNUMBER(V8)),U8*V8,"") -> 9 | X8: =IF(ISNUMBER(W8),LOOKUP(W8,$AS$6:$AS$10,$AV$6:$AV$10),"") -> 3 | Y8: =IF(ISNUMBER(W8),LOOKUP(W8,$AS$6:$AS$10,$AU$6:$AU$10),"") -> Level Risiko Rendah | AA8: 2024 | AB8: Pengadilan Negeri Wates | AC8: 2 | AE8: Sektor Pengelolaan Sumber Daya Manusia | AF8: 9 | AH8: Level 3 - Kadang Terjadi | AI8: 3 | AJ8: 3 | AL8: Level 3 - Moderat | AM8: 3 | AN8: 3 | AP8: Pemeriksaan | AQ8: 3 | AS8: 12 | AT8: 15 | AU8: Level Risiko Sedang | AV8: 4
A9: =ROW()-5 -> 4 | B9: Pengadilan Negeri Pati | C9: Penunjukan Majelis Hakim/panitera pengganti/jurusita | D9: Sektor Pengelolaan Sumber Daya Manusia | E9: Level 3 - Kadang Terjadi | G9: Level 4 - Signifikan | H9: 1. Mempengaruhi kualitas putusan. 2. Turunnya kepercayaan publik terhadap lembaga peradilan 3. Merusak citra lembaga peradilan 4. Murunnya nilai SPIP lembaga peradilan 5. Pengaduan Masyarakat 6. Turunnya nilai SIPP | J9: Penegakan Aturan | K9: 1. Kepentingan yang diluar peraturan. 2. tidak berpegang teguh terhadap norma agama dan kode etik Hakim, Panitera dan ASN | L9: =IF(ISNUMBER(X9),W9&" - "&Y9,"") -> 12 - Level Risiko Sedang | N9: 1. Pembinaan oleh Ketua secara berkala 2. Pakta integritas 3. Penguatan kerohanian 4. Perma No 8 Tahun 2016 5. Perma No 9 Tahun 2016 6. SOP dan Hukum Acara 7. Kode etik dan norma perilaku 8. Penggunaan SIPP 9. Pelaksanaan MIS 10. Pembagian sesuai kompetensi majelis dan beban perkara | Q9: =IF(ISBLANK(D9),"",VLOOKUP(D9,$AE$6:$AF$10,2,FALSE)) -> 9 | R9: =IF(ISBLANK(E9),"",VLOOKUP(E9,$AH$6:$AI$10,2,FALSE)) -> 3 | S9: =IF(ISBLANK(G9),"",VLOOKUP(G9,$AL$6:$AM$10,2,FALSE)) -> 4 | T9: =IF(ISBLANK(J9),"",VLOOKUP(J9,$AP$6:$AQ$10,2,FALSE)) -> 2 | U9: =IF(ISNUMBER(R9),VLOOKUP(R9,$AI$6:$AJ$10,2,FALSE),"") -> 3 | V9: =IF(ISNUMBER(S9),VLOOKUP(S9,$AM$6:$AN$10,2,FALSE),"") -> 4 | W9: =IF(AND(ISNUMBER(U9),ISNUMBER(V9)),U9*V9,"") -> 12 | X9: =IF(ISNUMBER(W9),LOOKUP(W9,$AS$6:$AS$10,$AV$6:$AV$10),"") -> 4 | Y9: =IF(ISNUMBER(W9),LOOKUP(W9,$AS$6:$AS$10,$AU$6:$AU$10),"") -> Level Risiko Sedang | AA9: 2024 | AB9: Pengadilan Negeri Ambon | AC9: 1 | AE9: Sektor Perizinan | AF9: 10 | AH9: Level 4 - Sering Terjadi | AI9: 4 | AJ9: 4 | AL9: Level 4 - Signifikan | AM9: 4 | AN9: 4 | AP9: Sistem | AQ9: 4 | AS9: 16 | AT9: 19 | AU9: Level Risiko Tinggi | AV9: 6
A10: =ROW()-5 -> 5 | B10: Pengadilan Negeri Pati | C10: Panggilan/Pemberitahuan | D10: Sektor Pelayanan Publik | E10: Level 3 - Kadang Terjadi | G10: Level 4 - Signifikan | H10: 1. Mempengaruhi kualitas putusan. 2. Turunnya kepercayaan publik terhadap lembaga peradilan 3. Merusak citra lembaga peeradilan 4. Turunnya nilai SPIP lembaga peradilan 5. Pengaduan Masyarakat | J10: Lain-lain | K10: 1. Kepentingan yang diluar peraturan. 2. Kurangnya pengawasan oleh pimpinan terhadap pelaksanaan panggilan/pemberitahuan 3. Jangka waktu pelaksanaan panggilan/pemberitahuan tidak dilaksanakan sesuai dengan SOP dan peraturan 4. tidak berpegang teguh terhadap norma agama dan kode etik Panitera dan ASN | L10: =IF(ISNUMBER(X10),W10&" - "&Y10,"") -> 12 - Level Risiko Sedang | N10: 1. Pembinaan oleh Ketua dan Panitera secara berkala 2. Pakta integritas 3. Penguatan kerohanian 4. Perma No 8 Tahun 2016 5. Perma No 9 Tahun 2016 6. SOP dan Hukum Acara 7. Kode etik dan norma perilaku 8. Pelaksanaan panggilan melalui surat tercatat/POS/elektronik | Q10: =IF(ISBLANK(D10),"",VLOOKUP(D10,$AE$6:$AF$10,2,FALSE)) -> 7 | R10: =IF(ISBLANK(E10),"",VLOOKUP(E10,$AH$6:$AI$10,2,FALSE)) -> 3 | S10: =IF(ISBLANK(G10),"",VLOOKUP(G10,$AL$6:$AM$10,2,FALSE)) -> 4 | T10: =IF(ISBLANK(J10),"",VLOOKUP(J10,$AP$6:$AQ$10,2,FALSE)) -> 5 | U10: =IF(ISNUMBER(R10),VLOOKUP(R10,$AI$6:$AJ$10,2,FALSE),"") -> 3 | V10: =IF(ISNUMBER(S10),VLOOKUP(S10,$AM$6:$AN$10,2,FALSE),"") -> 4 | W10: =IF(AND(ISNUMBER(U10),ISNUMBER(V10)),U10*V10,"") -> 12 | X10: =IF(ISNUMBER(W10),LOOKUP(W10,$AS$6:$AS$10,$AV$6:$AV$10),"") -> 4 | Y10: =IF(ISNUMBER(W10),LOOKUP(W10,$AS$6:$AS$10,$AU$6:$AU$10),"") -> Level Risiko Sedang | AA10: 2024 | AB10: Pengadilan Tata Usaha Negara Serang | AC10: 5 | AE10: Sektor Pemeriksaan/Audit | AF10: 11 | AH10: Level 5 - Hampir Pasti Terjadi | AI10: 5 | AJ10: 5 | AL10: Level 5 - Sangat Signifikan | AM10: 5 | AN10: 5 | AP10: Lain-lain | AQ10: 5 | AS10: 20 | AT10: 25 | AU10: Level Risiko Sangat Tinggi | AV10: 5
A11: =ROW()-5 -> 6 | B11: Pengadilan Negeri Pati | C11: Putusan perkara gugatan/permohonan/bantahan perdata/gugatan sederhana | L11: =IF(ISNUMBER(X11),W11&" - "&Y11,"") | Q11: =IF(ISBLANK(D11),"",VLOOKUP(D11,$AE$6:$AF$10,2,FALSE)) | R11: =IF(ISBLANK(E11),"",VLOOKUP(E11,$AH$6:$AI$10,2,FALSE)) | S11: =IF(ISBLANK(G11),"",VLOOKUP(G11,$AL$6:$AM$10,2,FALSE)) | T11: =IF(ISBLANK(J11),"",VLOOKUP(J11,$AP$6:$AQ$10,2,FALSE)) | U11: =IF(ISNUMBER(R11),VLOOKUP(R11,$AI$6:$AJ$10,2,FALSE),"") | V11: =IF(ISNUMBER(S11),VLOOKUP(S11,$AM$6:$AN$10,2,FALSE),"") | W11: =IF(AND(ISNUMBER(U11),ISNUMBER(V11)),U11*V11,"") | X11: =IF(ISNUMBER(W11),LOOKUP(W11,$AS$6:$AS$10,$AV$6:$AV$10),"") | Y11: =IF(ISNUMBER(W11),LOOKUP(W11,$AS$6:$AS$10,$AU$6:$AU$10),"") | AA11: 2024 | AB11: Pengadilan Tata Usaha Negara Tanjung Pinang | AC11: 4 | AE11: Sektor Lainnya | AF11: 12
A12: =ROW()-5 -> 7 | B12: Pengadilan Negeri Palembang | L12: =IF(ISNUMBER(X12),W12&" - "&Y12,"") | Q12: =IF(ISBLANK(D12),"",VLOOKUP(D12,$AE$6:$AF$10,2,FALSE)) | R12: =IF(ISBLANK(E12),"",VLOOKUP(E12,$AH$6:$AI$10,2,FALSE)) | S12: =IF(ISBLANK(G12),"",VLOOKUP(G12,$AL$6:$AM$10,2,FALSE)) | T12: =IF(ISBLANK(J12),"",VLOOKUP(J12,$AP$6:$AQ$10,2,FALSE)) | U12: =IF(ISNUMBER(R12),VLOOKUP(R12,$AI$6:$AJ$10,2,FALSE),"") | V12: =IF(ISNUMBER(S12),VLOOKUP(S12,$AM$6:$AN$10,2,FALSE),"") | W12: =IF(AND(ISNUMBER(U12),ISNUMBER(V12)),U12*V12,"") | X12: =IF(ISNUMBER(W12),LOOKUP(W12,$AS$6:$AS$10,$AV$6:$AV$10),"") | Y12: =IF(ISNUMBER(W12),LOOKUP(W12,$AS$6:$AS$10,$AU$6:$AU$10),"") | AA12: 2024 | AB12: Pengadilan Tata Usaha Negara Manado | AC12: 3
A13: =ROW()-5 -> 8 | L13: =IF(ISNUMBER(X13),W13&" - "&Y13,"") | Q13: =IF(ISBLANK(D13),"",VLOOKUP(D13,$AE$6:$AF$10,2,FALSE)) | R13: =IF(ISBLANK(E13),"",VLOOKUP(E13,$AH$6:$AI$10,2,FALSE)) | S13: =IF(ISBLANK(G13),"",VLOOKUP(G13,$AL$6:$AM$10,2,FALSE)) | T13: =IF(ISBLANK(J13),"",VLOOKUP(J13,$AP$6:$AQ$10,2,FALSE)) | U13: =IF(ISNUMBER(R13),VLOOKUP(R13,$AI$6:$AJ$10,2,FALSE),"") | V13: =IF(ISNUMBER(S13),VLOOKUP(S13,$AM$6:$AN$10,2,FALSE),"") | W13: =IF(AND(ISNUMBER(U13),ISNUMBER(V13)),U13*V13,"") | X13: =IF(ISNUMBER(W13),LOOKUP(W13,$AS$6:$AS$10,$AV$6:$AV$10),"") | Y13: =IF(ISNUMBER(W13),LOOKUP(W13,$AS$6:$AS$10,$AU$6:$AU$10),"") | AA13: 2025 | AB13: Pengadilan Negeri Palangkaraya | AC13: 2
A14: =ROW()-5 -> 9 | L14: =IF(ISNUMBER(X14),W14&" - "&Y14,"") | Q14: =IF(ISBLANK(D14),"",VLOOKUP(D14,$AE$6:$AF$10,2,FALSE)) | R14: =IF(ISBLANK(E14),"",VLOOKUP(E14,$AH$6:$AI$10,2,FALSE)) | S14: =IF(ISBLANK(G14),"",VLOOKUP(G14,$AL$6:$AM$10,2,FALSE)) | T14: =IF(ISBLANK(J14),"",VLOOKUP(J14,$AP$6:$AQ$10,2,FALSE)) | U14: =IF(ISNUMBER(R14),VLOOKUP(R14,$AI$6:$AJ$10,2,FALSE),"") | V14: =IF(ISNUMBER(S14),VLOOKUP(S14,$AM$6:$AN$10,2,FALSE),"") | W14: =IF(AND(ISNUMBER(U14),ISNUMBER(V14)),U14*V14,"") | X14: =IF(ISNUMBER(W14),LOOKUP(W14,$AS$6:$AS$10,$AV$6:$AV$10),"") | Y14: =IF(ISNUMBER(W14),LOOKUP(W14,$AS$6:$AS$10,$AU$6:$AU$10),"") | AA14: 2025 | AB14: Pengadilan Negeri Pontianak | AC14: 1
A15: =ROW()-5 -> 10 | Q15: =IF(ISBLANK(D15),"",VLOOKUP(D15,$AE$6:$AF$10,2,FALSE)) | R15: =IF(ISBLANK(E15),"",VLOOKUP(E15,$AH$6:$AI$10,2,FALSE)) | S15: =IF(ISBLANK(G15),"",VLOOKUP(G15,$AL$6:$AM$10,2,FALSE)) | T15: =IF(ISBLANK(J15),"",VLOOKUP(J15,$AP$6:$AQ$10,2,FALSE)) | U15: =IF(ISNUMBER(R15),VLOOKUP(R15,$AI$6:$AJ$10,2,FALSE),"") | V15: =IF(ISNUMBER(S15),VLOOKUP(S15,$AM$6:$AN$10,2,FALSE),"") | W15: =IF(AND(ISNUMBER(U15),ISNUMBER(V15)),U15*V15,"") | X15: =IF(ISNUMBER(W15),LOOKUP(W15,$AS$6:$AS$10,$AV$6:$AV$10),"") | Y15: =IF(ISNUMBER(W15),LOOKUP(W15,$AS$6:$AS$10,$AU$6:$AU$10),"") | AA15: 2025 | AB15: Pengadilan Negeri Bandung | AC15: 5
A16: =ROW()-5 -> 11 | L16: =IF(ISNUMBER(X16),W16&" - "&Y16,"") | AA16: 2025 | AB16: Pengadilan Negeri Klaten | AC16: 4
A17: =ROW()-5 -> 12 | AA17: 2025 | AB17: Pengadilan Negeri Tulungagung | AC17: 3
A18: =ROW()-5 -> 13 | L18: =IF(ISNUMBER(X18),W18&" - "&Y18,"") | AA18: 2025 | AB18: Pengadilan Negeri Mojokerto | AC18: 2
A19: =ROW()-5 -> 14 | AA19: 2025 | AB19: Pengadilan Negeri Semarang | AC19: 1
A20: =ROW()-5 -> 15 | L20: =IF(ISNUMBER(X20),W20&" - "&Y20,"") | AA20: 2025 | AB20: Pengadilan Negeri Malang | AC20: 5
A21: =ROW()-5 -> 16 | AA21: 2025 | AB21: Pengadilan Negeri Banyuwangi | AC21: 4
A22: =ROW()-5 -> 17 | L22: =IF(ISNUMBER(X22),W22&" - "&Y22,"") | AA22: 2025 | AB22: Pengadilan Negeri Tasikmalaya Klas 1A | AC22: 3
A23: =ROW()-5 -> 18 | AA23: 2025 | AB23: Pengadilan Negeri Bantul | AC23: 2
A24: =ROW()-5 -> 19 | L24: =IF(ISNUMBER(X24),W24&" - "&Y24,"") | AA24: 2025 | AB24: Pengadilan Agama Magelang | AC24: 1
A25: =ROW()-5 -> 20 | AA25: 2025 | AB25: Pengadilan Agama Banjarmasin Kelas IA | AC25: 5
A26: =ROW()-5 -> 21 | L26: =IF(ISNUMBER(X26),W26&" - "&Y26,"") | AA26: 2025 | AB26: Pengadilan Agama Jakarta Selatan | AC26: 4
A27: =ROW()-5 -> 22 | AA27: 2025 | AB27: Pengadilan Agama Tangerang | AC27: 3
A28: =ROW()-5 -> 23 | L28: =IF(ISNUMBER(X28),W28&" - "&Y28,"") | AA28: 2025 | AB28: Pengadilan Agama Jakarta Utara | AC28: 2
A29: =ROW()-5 -> 24 | AA29: 2025 | AB29: Pengadilan Agama Bogor | AC29: 1
A30: =ROW()-5 -> 25 | L30: =IF(ISNUMBER(X30),W30&" - "&Y30,"") | AA30: 2025 | AB30: Pengadilan Agama Yogyakarta | AC30: 5
A31: =ROW()-5 -> 26 | AA31: 2025 | AB31: Pengadilan Agama Batam | AC31: 4
A32: =ROW()-5 -> 27 | L32: =IF(ISNUMBER(X32),W32&" - "&Y32,"") | AA32: 2025 | AB32: Pengadilan Agama Denpasar | AC32: 3
A33: =ROW()-5 -> 28 | AA33: 2025 | AB33: Pengadilan Militer II-09 Bandung | AC33: 2
A34: =ROW()-5 -> 29 | L34: =IF(ISNUMBER(X34),W34&" - "&Y34,"") | AA34: 2025 | AB34: Pengadilan Tata Usaha Negara Yogyakarta | AC34: 1
A35: =ROW()-5 -> 30
A36: =ROW()-5 -> 31 | L36: =IF(ISNUMBER(X36),W36&" - "&Y36,"")
A37: =ROW()-5 -> 32
A38: =ROW()-5 -> 33 | L38: =IF(ISNUMBER(X38),W38&" - "&Y38,"")
A39: =ROW()-5 -> 34
A40: =ROW()-5 -> 35 | L40: =IF(ISNUMBER(X40),W40&" - "&Y40,"")
A41: =ROW()-5 -> 36
A42: =ROW()-5 -> 37 | L42: =IF(ISNUMBER(X42),W42&" - "&Y42,"")
A43: =ROW()-5 -> 38
A44: =ROW()-5 -> 39 | L44: =IF(ISNUMBER(X44),W44&" - "&Y44,"")
A45: =ROW()-5 -> 40
A46: =ROW()-5 -> 41 | L46: =IF(ISNUMBER(X46),W46&" - "&Y46,"")
A47: =ROW()-5 -> 42
A48: =ROW()-5 -> 43 | L48: =IF(ISNUMBER(X48),W48&" - "&Y48,"")
A49: =ROW()-5 -> 44
A50: =ROW()-5 -> 45 | L50: =IF(ISNUMBER(X50),W50&" - "&Y50,"")
A51: =ROW()-5 -> 46
A52: =ROW()-5 -> 47 | L52: =IF(ISNUMBER(X52),W52&" - "&Y52,"")
A53: =ROW()-5 -> 48
A54: =ROW()-5 -> 49 | L54: =IF(ISNUMBER(X54),W54&" - "&Y54,"")
A55: =ROW()-5 -> 50
A56: =ROW()-5 -> 51 | L56: =IF(ISNUMBER(X56),W56&" - "&Y56,"")
A57: =ROW()-5 -> 52
A58: =ROW()-5 -> 53 | L58: =IF(ISNUMBER(X58),W58&" - "&Y58,"")
A59: =ROW()-5 -> 54
A60: =ROW()-5 -> 55 | L60: =IF(ISNUMBER(X60),W60&" - "&Y60,"")
A61: =ROW()-5 -> 56
A62: =ROW()-5 -> 57 | L62: =IF(ISNUMBER(X62),W62&" - "&Y62,"")
A63: =ROW()-5 -> 58
A64: =ROW()-5 -> 59 | L64: =IF(ISNUMBER(X64),W64&" - "&Y64,"")
A65: =ROW()-5 -> 60
A66: =ROW()-5 -> 61 | L66: =IF(ISNUMBER(X66),W66&" - "&Y66,"")

Sheet RR CC
A1: FORM RISK REGISTER 2026
A2: Nama UPG | B2: UPG MAHKAMAH AGUNG | D2: Triwulan | E2: 3 | F2: Tahun | G2: 2026
A3: Keterangan: * Wajib diisi. Sheet ini standalone (tidak terhubung ke sheet lain). Kolom abu-abu (Q:Z) berisi kode/skor hasil kalkulasi otomatis dari tabel referensi di kanan (AE:AV), kecuali kolom Z (unitkerjaid) yang diisi manual bila diperlukan.
A4: No. | B4: Unit Kerja yang memiliki risiko gratifikasi | C4: Potensi Terjadinya Gratifikasi | D4: Klasifikasi Risiko | E4: Probabilitas Potensi Gratifikasi | G4: Dampak Gratifikasi | I4: Alasan/Penyebab Utama | L4: Level Risiko | M4: Sistem Pengendalian dan Pengawasan yang ada | O4: Rencana Mitigasi/Perbaikan | Q4: klasifikasirisikoid | R4: probabilitasrisikoid | S4: dampakrisikoid | T4: faktorpenyebabid | U4: levelprobabilitas | V4: leveldampak | W4: levelrisiko | X4: levelrisikoid | Y4: levelrisikodesc | AA4: Tahun Analisis | AB4: Daftar Satker Relevan (Hasil Analisis 2024–2025) | AC4: PIC | AE4: Klasifikasi Risiko | AH4: Probabilitas Risiko | AL4: Dampak Risiko | AP4: Faktor Penyebab | AS4: Level Risiko | AX4: Satuan Kerja | AY4: Tahun | AZ4: FILE
E5: Probabilitas Risiko | F5: Keterangan | G5: Dampak Risiko | H5: Keterangan | I5: No. | J5: Klasifikasi Penyebab | K5: Keterangan | M5: No. | N5: Keterangan | O5: No. | P5: Keterangan | AA5: 2024 | AB5: Pengadilan Negeri Palembang | AC5: 5 | AE5: Label | AF5: Id | AH5: Label | AI5: Id | AJ5: Level | AL5: Label | AM5: Id | AN5: Level | AP5: Label | AQ5: Id | AS5: Lower Limit | AT5: Upper Limit | AU5: Description | AV5: Id | AX5: PENGADILAN NEGERI WATES | AY5: 2024 | AZ5: https://smap.mahkamahagung.go.id/evaluasi/documents/evidence/2024/163/smap-evidence-51-2024-05-21-15-03-19.pdf
A6: =ROW()-5 -> 1 | B6: Pengadilan Agama Denpasar | C6: Pengembalian Sisa Panjar: praktik penggelapan dalam jabatan (kasir) dengan tidak mengembalikan sisa panjar kepada pihak berhak atau tidak menyetorkan sisa panjar >6 bulan ke negara | D6: Sektor Pelayanan Publik | E6: Level 2 - Jarang Terjadi | G6: Level 2 - Minor | H6: Kerugian materil kepada pihak dan turunnya kepercayaan publik terhadap PA Denpasar | J6: Pemeriksaan | K6: 1. Kurangnya integritas petugas kasir 2. Adanya tujuan untuk mencari keuntungan pribadi | L6: =IF(ISNUMBER(X6),W6&" - "&Y6,"") -> 4 - Level Risiko Sangat Rendah | N6: 1. Memaksimalkan monitoring keuangan perkara 2. Briefing Senin Pagi (BRISI) bagi petugas layanan 3. Penguatan integritas melalui kegiatan Kamis Ceria (KACER BALI) | Q6: =IF(ISBLANK(D6),"",VLOOKUP(D6,$AE$6:$AF$11,2,FALSE)) -> 7 | R6: =IF(ISBLANK(E6),"",VLOOKUP(E6,$AH$6:$AI$11,2,FALSE)) -> 2 | S6: =IF(ISBLANK(G6),"",VLOOKUP(G6,$AL$6:$AM$11,2,FALSE)) -> 2 | T6: =IF(ISBLANK(J6),"",VLOOKUP(J6,$AP$6:$AQ$11,2,FALSE)) -> 3 | U6: =IF(ISNUMBER(R6),VLOOKUP(R6,$AI$6:$AJ$11,2,FALSE),"") -> 2 | V6: =IF(ISNUMBER(S6),VLOOKUP(S6,$AM$6:$AN$11,2,FALSE),"") -> 2 | W6: =IF(AND(ISNUMBER(U6),ISNUMBER(V6)),U6*V6,"") -> 4 | X6: =IF(ISNUMBER(W6),LOOKUP(W6,$AS$6:$AS$11,$AV$6:$AV$11),"") -> 2 | Y6: =IF(ISNUMBER(W6),LOOKUP(W6,$AS$6:$AS$11,$AU$6:$AU$11),"") -> Level Risiko Sangat Rendah | AA6: 2024 | AB6: Pengadilan Negeri Pati | AC6: 4 | AE6: Sektor Pelayanan Publik | AF6: 7 | AH6: Level 1 - Hampir Tidak Terjadi | AI6: 1 | AJ6: 1 | AL6: Level 1 - Tidak Signifikan | AM6: 1 | AN6: 1 | AP6: Pemahaman | AQ6: 1 | AS6: 1 | AT6: 5 | AU6: Level Risiko Sangat Rendah | AV6: 2 | AX6: PENGADILAN NEGERI WATES | AY6: 2024 | AZ6: https://drive.google.com/file/d/1c4E2P_KLkF7Vgt8rdPUGpbyX3W2tFqIN/view?usp=sharing
B7: Pengadilan Agama Denpasar | C7: Pendaftaran Perkara: Terjadi gratifikasi kepada petugas layanan pendaftaran perkara agar perkaranya didahulukan/dipercepat pendaftarannya | D7: Sektor Pelayanan Publik | E7: Level 2 - Jarang Terjadi | G7: Level 2 - Minor | H7: Turunnya kepercayaan publik terhadap pelayanan PA Denpasar | J7: Penegakan Aturan | K7: 1. Belum digunakannya sistem nomor antrean sehingga terjadi penumpukan antrian 2. Pihak/kuasa hukum tidak sabar menunggu antrian | L7: =IF(ISNUMBER(X7),W7&" - "&Y7,"") | N7: 1. Melaksanakan antrian sesuai SOP 2. Melakukan monev pendaftaran perkara | AX7: PENGADILAN NEGERI PALANGKARAYA | AY7: 2024 | AZ7: https://drive.google.com/drive/folders/1iJQMXDgyIiz54CEr58vT_wubSSbOcQKz?usp=share_link
A8: =ROW()-5 -> 3 | B8: Pengadilan Agama Denpasar | C8: Pemeriksaan Setempat: Terjadi praktik suap dan gratifikasi oleh pihak kepada aparatur peradilan saat pemberitahuan PS, serta penggelapan jabatan dengan membuat BA PS tidak sesuai fakta | D8: Sektor Pelayanan Publik | E8: Level 2 - Jarang Terjadi | G8: Level 3 - Moderat | H8: 1. Merugikan salah satu pihak yang berperkara 2. Turunnya kepercayaan publik terhadap Pengadilan Agama Denpasar | J8: Penegakan Aturan | K8: 1. Kurangnya integritas hakim, PP, dan jurusita/JSP 2. Kurangnya kontrol dan pengawasan dari pimpinan 3. Adanya tujuan pihak untuk mendapatkan kemudahan/keuntungan dari PS | L8: =IF(ISNUMBER(X8),W8&" - "&Y8,"") -> 6 - Level Risiko Rendah | N8: 1. Pembinaan kode etik hakim, panitera/PP dan jurusita 2. Monitoring dan evaluasi tenaga teknis secara berkesinambungan 3. Implementasi SOP Pemeriksaan Setempat | Q8: =IF(ISBLANK(D8),"",VLOOKUP(D8,$AE$6:$AF$11,2,FALSE)) -> 7 | R8: =IF(ISBLANK(E8),"",VLOOKUP(E8,$AH$6:$AI$11,2,FALSE)) -> 2 | S8: =IF(ISBLANK(G8),"",VLOOKUP(G8,$AL$6:$AM$11,2,FALSE)) -> 3 | T8: =IF(ISBLANK(J8),"",VLOOKUP(J8,$AP$6:$AQ$11,2,FALSE)) -> 2 | U8: =IF(ISNUMBER(R8),VLOOKUP(R8,$AI$6:$AJ$11,2,FALSE),"") -> 2 | V8: =IF(ISNUMBER(S8),VLOOKUP(S8,$AM$6:$AN$11,2,FALSE),"") -> 3 | W8: =IF(AND(ISNUMBER(U8),ISNUMBER(V8)),U8*V8,"") -> 6 | X8: =IF(ISNUMBER(W8),LOOKUP(W8,$AS$6:$AS$11,$AV$6:$AV$11),"") -> 3 | Y8: =IF(ISNUMBER(W8),LOOKUP(W8,$AS$6:$AS$11,$AU$6:$AU$11),"") -> Level Risiko Rendah | AA8: 2024 | AB8: Pengadilan Negeri Bogor | AC8: 3 | AE8: Sektor Pengadaan Barang dan/atau Jasa | AF8: 8 | AH8: Level 2 - Jarang Terjadi | AI8: 2 | AJ8: 2 | AL8: Level 2 - Minor | AM8: 2 | AN8: 2 | AP8: Penegakan Aturan | AQ8: 2 | AS8: 6 | AT8: 11 | AU8: Level Risiko Rendah | AV8: 3 | AX8: PENGADILAN NEGERI BANTUL | AY8: 2025 | AZ8: https://smap.mahkamahagung.go.id/evaluasi/documents/evidence/2025/166/smap-evidence-51-2025-05-28-19-28-10.pdf
A9: =ROW()-5 -> 4 | B9: Pengadilan Agama Denpasar | C9: Eksekusi: Terjadi suap pada saat proses eksekusi oleh pihak berperkara kepada Ketua/Panitera/JS/JSP agar menguntungkan salah satu pihak | D9: Sektor Pelayanan Publik | E9: Level 2 - Jarang Terjadi | G9: Level 3 - Moderat | H9: 1. Turunnya kepercayaan publik terhadap lembaga peradilan 2. Adanya keluhan/pengaduan masyarakat karena pelaksanaan eksekusi merugikan pihak | J9: Penegakan Aturan | K9: 1. Kurangnya integritas Ketua, Panitera, dan Jurusita/JSP dalam pelaksanaan eksekusi 2. Adanya harapan pihak berperkara untuk mendapatkan kemudahan dan keuntungan dalam eksekusi | L9: =IF(ISNUMBER(X9),W9&" - "&Y9,"") -> 6 - Level Risiko Rendah | N9: 1. Penguatan pemahaman terhadap hukum acara eksekusi 2. Public Campaign pelaksanaan SMAP pada Pengadilan Agama 3. Implementasi SOP eksekusi | Q9: =IF(ISBLANK(D9),"",VLOOKUP(D9,$AE$6:$AF$11,2,FALSE)) -> 7 | R9: =IF(ISBLANK(E9),"",VLOOKUP(E9,$AH$6:$AI$11,2,FALSE)) -> 2 | S9: =IF(ISBLANK(G9),"",VLOOKUP(G9,$AL$6:$AM$11,2,FALSE)) -> 3 | T9: =IF(ISBLANK(J9),"",VLOOKUP(J9,$AP$6:$AQ$11,2,FALSE)) -> 2 | U9: =IF(ISNUMBER(R9),VLOOKUP(R9,$AI$6:$AJ$11,2,FALSE),"") -> 2 | V9: =IF(ISNUMBER(S9),VLOOKUP(S9,$AM$6:$AN$11,2,FALSE),"") -> 3 | W9: =IF(AND(ISNUMBER(U9),ISNUMBER(V9)),U9*V9,"") -> 6 | X9: =IF(ISNUMBER(W9),LOOKUP(W9,$AS$6:$AS$11,$AV$6:$AV$11),"") -> 3 | Y9: =IF(ISNUMBER(W9),LOOKUP(W9,$AS$6:$AS$11,$AU$6:$AU$11),"") -> Level Risiko Rendah | AA9: 2024 | AB9: Pengadilan Negeri Wates | AC9: 2 | AE9: Sektor Pengelolaan Sumber Daya Manusia | AF9: 9 | AH9: Level 3 - Kadang Terjadi | AI9: 3 | AJ9: 3 | AL9: Level 3 - Moderat | AM9: 3 | AN9: 3 | AP9: Pemeriksaan | AQ9: 3 | AS9: 12 | AT9: 15 | AU9: Level Risiko Sedang | AV9: 4 | AX9: PENGADILAN NEGERI MOJOKERTO | AY9: 2025 | AZ9: https://smap.mahkamahagung.go.id/evaluasi/documents/evidence/2025/173/smap-evidence-51-2025-05-27-14-58-09.pdf
A10: =ROW()-5 -> 5 | B10: Pengadilan Negeri Bogor | C10: Proses persidangan dan penjatuhan putusan: 1. Upaya penyuapan dari pihak berperkara untuk mengatur persidangan agar memihak kepada penggugat ataupun tergugat dengan memberikan suap kepada Majelis Hakim 2. Mengatur percepatan persidangan oleh pihak berperkara melalui Panitera, Panitera Muda Pidana, Panitera Pengganti dan Jurusita/Jurusita Pengganti dengan memberikan sejumlah uang ataupun gratifikasi. | D10: Sektor Pelayanan Publik | E10: Level 2 - Jarang Terjadi | G10: Level 5 - Sangat Signifikan | H10: Turunnya kepercayaan publik terhadap lembaga peradilan | J10: Lain-lain | K10: 1. Sistem : masih kurangnya pengawasan dari pengawas eksternal (Pengadilan Tinggi) 2. Individu: Keinginan untuk mendapatkan insentif diluar dari yang seharusnya oleh personil PN, dorongan dari pihak berperkara untuk mengatur perkara. 3. Rasionalisasi: Adanya anggapan bahwa praktik suap menyuap itu wajar. | L10: =IF(ISNUMBER(X10),W10&" - "&Y10,"") -> 10 - Level Risiko Rendah | N10: 1. Sudah ada fit and proper test untuk penentuan KPN dan WKPN. 2. Sudah ada Hakim Pengawasan. 3. Sudah ada kanal WBS dan Pelaporan lainnya (SIMWAS). 4. PN telah menerapkan SMAP. | Q10: =IF(ISBLANK(D10),"",VLOOKUP(D10,$AE$6:$AF$11,2,FALSE)) -> 7 | R10: =IF(ISBLANK(E10),"",VLOOKUP(E10,$AH$6:$AI$11,2,FALSE)) -> 2 | S10: =IF(ISBLANK(G10),"",VLOOKUP(G10,$AL$6:$AM$11,2,FALSE)) -> 5 | T10: =IF(ISBLANK(J10),"",VLOOKUP(J10,$AP$6:$AQ$11,2,FALSE)) -> 5 | U10: =IF(ISNUMBER(R10),VLOOKUP(R10,$AI$6:$AJ$11,2,FALSE),"") -> 2 | V10: =IF(ISNUMBER(S10),VLOOKUP(S10,$AM$6:$AN$11,2,FALSE),"") -> 5 | W10: =IF(AND(ISNUMBER(U10),ISNUMBER(V10)),U10*V10,"") -> 10 | X10: =IF(ISNUMBER(W10),LOOKUP(W10,$AS$6:$AS$11,$AV$6:$AV$11),"") -> 3 | Y10: =IF(ISNUMBER(W10),LOOKUP(W10,$AS$6:$AS$11,$AU$6:$AU$11),"") -> Level Risiko Rendah | AA10: 2024 | AB10: Pengadilan Negeri Ambon | AC10: 1 | AE10: Sektor Perizinan | AF10: 10 | AH10: Level 4 - Sering Terjadi | AI10: 4 | AJ10: 4 | AL10: Level 4 - Signifikan | AM10: 4 | AN10: 4 | AP10: Sistem | AQ10: 4 | AS10: 16 | AT10: 19 | AU10: Level Risiko Tinggi | AV10: 6 | AX10: PENGADILAN NEGERI MOJOKERTO | AY10: 2025 | AZ10: https://smap.mahkamahagung.go.id/evaluasi/documents/evidence/2025/173/smap-evidence-51-2025-05-27-14-59-21.pdf
A11: =ROW()-5 -> 6 | B11: Pengadilan Negeri Bogor | C11: Penetapan Penahanan oleh Majelis Hakim: 1. Upaya penyuapan ataupun gratifikasi kepada Majelis Hakim melalui Panmud Pidana agar Penetapan penahanan disetuji 2. Panmud Pidana meminta sejumlah uang agar penetapan penahanan dapat disetuji 3. Upaya penyuapan ataupun gratifikasi dari pihak yang akan ditahan agar penetapan penahanan tidak disetujui | D11: Sektor Pelayanan Publik | E11: Level 2 - Jarang Terjadi | G11: Level 4 - Signifikan | H11: Turunnya kepercayaan publik terhadap lembaga peradilan | J11: Lain-lain | K11: 1. Sistem: kurangnya pengawasan dari KPT (HAWASBID) 2. Individu: adanya keinginan agar penetapan penahanan cepat dilaksanakan diluar ketentuan, adanya keinginan dari pihak yang akan ditahan agar penetapan penahanan tidak disetujui, keinginan untuk mendapatkan insentif dari personil PN 3. Rasionalisasi: Upaya penetapan penahanan yang memiliki hubungan afiliasi dengan pemohon ataupun termohon | L11: =IF(ISNUMBER(X11),W11&" - "&Y11,"") -> 8 - Level Risiko Rendah | N11: 1) Telah dilaksanakan pengawasan dari Hakim Tinggi Pengawas / Hawasbid; 2) Telah ada Pelaporan (SIWAS); 3) Adanya Kode Etik PPH; 4) Adanya pakta Integritas; 5) Adanya Komitmen Bersama Anti Penyuapan; 6) Kebijakan Mutu Anti Penyuapan | Q11: =IF(ISBLANK(D11),"",VLOOKUP(D11,$AE$6:$AF$11,2,FALSE)) -> 7 | R11: =IF(ISBLANK(E11),"",VLOOKUP(E11,$AH$6:$AI$11,2,FALSE)) -> 2 | S11: =IF(ISBLANK(G11),"",VLOOKUP(G11,$AL$6:$AM$11,2,FALSE)) -> 4 | T11: =IF(ISBLANK(J11),"",VLOOKUP(J11,$AP$6:$AQ$11,2,FALSE)) -> 5 | U11: =IF(ISNUMBER(R11),VLOOKUP(R11,$AI$6:$AJ$11,2,FALSE),"") -> 2 | V11: =IF(ISNUMBER(S11),VLOOKUP(S11,$AM$6:$AN$11,2,FALSE),"") -> 4 | W11: =IF(AND(ISNUMBER(U11),ISNUMBER(V11)),U11*V11,"") -> 8 | X11: =IF(ISNUMBER(W11),LOOKUP(W11,$AS$6:$AS$11,$AV$6:$AV$11),"") -> 3 | Y11: =IF(ISNUMBER(W11),LOOKUP(W11,$AS$6:$AS$11,$AU$6:$AU$11),"") -> Level Risiko Rendah | AA11: 2024 | AB11: Pengadilan Tata Usaha Negara Serang | AC11: 5 | AE11: Sektor Pemeriksaan/Audit | AF11: 11 | AH11: Level 5 - Hampir Pasti Terjadi | AI11: 5 | AJ11: 5 | AL11: Level 5 - Sangat Signifikan | AM11: 5 | AN11: 5 | AP11: Lain-lain | AQ11: 5 | AS11: 20 | AT11: 25 | AU11: Level Risiko Sangat Tinggi | AV11: 5 | AX11: PENGADILAN NEGERI MOJOKERTO | AY11: 2025 | AZ11: https://smap.mahkamahagung.go.id/evaluasi/documents/evidence/2025/173/smap-evidence-51-2025-05-27-15-00-01.pdf
A12: =ROW()-5 -> 7 | B12: Pengadilan Negeri Bogor | C12: Permohonan Izin/Persetujuan Besuk: 1. Upaya penyuapan ataupun gratifikasi kepada Panmud Pidana melalui petugas PTSP agar permohonan Izin/Persetujuan besuk di setujui 2. Panmud Pidana meminta sejumlah uang ke pemohon agar izin besuk dapat disetujui | D12: Sektor Pelayanan Publik | E12: Level 2 - Jarang Terjadi | G12: Level 3 - Moderat | H12: Turunnya kepercayaan publik terhadap lembaga peradilan | J12: Lain-lain | K12: 1. Sistem: kurangnya pengawasan dari KPT (HAWASBID) 2. Individu: adanya keinginan agar proses permohonan izin besuk cepat dilaksanakan diluar ketentuan dan disetujui 3. Rasionalisasi: Adanya pemerasan dari Panmud Pidana dan petugas PTSP bagian Pidana agar izin besuk disetujui | L12: =IF(ISNUMBER(X12),W12&" - "&Y12,"") -> 6 - Level Risiko Rendah | N12: 1) Telah ada Pelaporan (SIWAS); 2) Adanya kontrol di PTSP dari Hawasbid PTSP 3) Adanya Kode Etik PPH; 4) Adanya pakta Integritas; 5) Adanya Komitmen Bersama Anti Penyuapan; 6) Kebijakan Mutu Anti Penyuapan | Q12: =IF(ISBLANK(D12),"",VLOOKUP(D12,$AE$6:$AF$11,2,FALSE)) -> 7 | R12: =IF(ISBLANK(E12),"",VLOOKUP(E12,$AH$6:$AI$11,2,FALSE)) -> 2 | S12: =IF(ISBLANK(G12),"",VLOOKUP(G12,$AL$6:$AM$11,2,FALSE)) -> 3 | T12: =IF(ISBLANK(J12),"",VLOOKUP(J12,$AP$6:$AQ$11,2,FALSE)) -> 5 | U12: =IF(ISNUMBER(R12),VLOOKUP(R12,$AI$6:$AJ$11,2,FALSE),"") -> 2 | V12: =IF(ISNUMBER(S12),VLOOKUP(S12,$AM$6:$AN$11,2,FALSE),"") -> 3 | W12: =IF(AND(ISNUMBER(U12),ISNUMBER(V12)),U12*V12,"") -> 6 | X12: =IF(ISNUMBER(W12),LOOKUP(W12,$AS$6:$AS$11,$AV$6:$AV$11),"") -> 3 | Y12: =IF(ISNUMBER(W12),LOOKUP(W12,$AS$6:$AS$11,$AU$6:$AU$11),"") -> Level Risiko Rendah | AA12: 2024 | AB12: Pengadilan Tata Usaha Negara Tanjung Pinang | AC12: 4 | AE12: Sektor Lainnya | AF12: 12 | AX12: PENGADILAN NEGERI PALANGKARAYA | AY12: 2025 | AZ12: https://drive.google.com/drive/folders/1j1y6lO0-SM7ychhmwCn5Byh4kOtxSQ-I?usp=share_link
A13: =ROW()-5 -> 8 | B13: Pengadilan Negeri Bogor | C13: Proses permohonan izin/persetujuan penggeledahan & Penyitaan: 1. Upaya penyuapan ataupun gratifikasi dari pihak berperkara kepada KPN/WKPN melalui Penyidik untuk meloloskan berkas permohonan izin penggeledahan & penyitaan yang tidak lengkap 2. KPN/WKPN melalui Panmud Pidana meminta sejumlah uang agar permohonan izin penggeledahan & penyitaan dapat segera diproses (didahulukan prosesnya) | D13: Sektor Pelayanan Publik | E13: Level 2 - Jarang Terjadi | G13: Level 5 - Sangat Signifikan | H13: Turunnya kepercayaan publik terhadap lembaga peradilan | J13: Lain-lain | K13: 1. Sistem: kurangnya pengawasan dari KPT (HAWASBID) 2. Individu: adanya keinginan agar proses permohonan cepat dilaksanakan diluar ketentuan, adanya keinginan dari pihak yang akan digeledah & disita agar permohonan izin penggeledahan & penyitaan tidak disetujui, keinginan untuk mendapatkan insentif dari personil PN 3. Rasionalisasi: Upaya izin penggeledahan & penyitaan yang memiliki hubungan afiliasi dengan yang berperkara, masih adanya anggapan bahwa suap menyuap wajar dilakukan dari internal dan eksternal | L13: =IF(ISNUMBER(X13),W13&" - "&Y13,"") -> 10 - Level Risiko Rendah | N13: 1) Telah ada fit and propert test; 2) Telah dilaksanakan pengawasan dari Hakim Tinggi Pengawas / Hawasbid; 3) Telah ada Pelaporan (SIWAS); 4) Adanya kontrol di PTSP 5) Adanya Kode Etik PPH; 6) Adanya pakta Integritas; 7) Adanya Komitmen Bersama Anti Penyuapan; 8) Kebijakan Mutu Anti Penyuapan | Q13: =IF(ISBLANK(D13),"",VLOOKUP(D13,$AE$6:$AF$11,2,FALSE)) -> 7 | R13: =IF(ISBLANK(E13),"",VLOOKUP(E13,$AH$6:$AI$11,2,FALSE)) -> 2 | S13: =IF(ISBLANK(G13),"",VLOOKUP(G13,$AL$6:$AM$11,2,FALSE)) -> 5 | T13: =IF(ISBLANK(J13),"",VLOOKUP(J13,$AP$6:$AQ$11,2,FALSE)) -> 5 | U13: =IF(ISNUMBER(R13),VLOOKUP(R13,$AI$6:$AJ$11,2,FALSE),"") -> 2 | V13: =IF(ISNUMBER(S13),VLOOKUP(S13,$AM$6:$AN$11,2,FALSE),"") -> 5 | W13: =IF(AND(ISNUMBER(U13),ISNUMBER(V13)),U13*V13,"") -> 10 | X13: =IF(ISNUMBER(W13),LOOKUP(W13,$AS$6:$AS$11,$AV$6:$AV$11),"") -> 3 | Y13: =IF(ISNUMBER(W13),LOOKUP(W13,$AS$6:$AS$11,$AU$6:$AU$11),"") -> Level Risiko Rendah | AA13: 2024 | AB13: Pengadilan Tata Usaha Negara Manado | AC13: 3 | AX13: PENGADILAN MILITER II-09 BANDUNG | AY13: 2025 | AZ13: https://drive.google.com/drive/folders/1YjWTR6gRKUnfYh64R8aOjFco2G7vHlJK?usp=sharing
A14: =ROW()-5 -> 9 | B14: Pengadilan Negeri Bogor | C14: Permohonan Izin Berobat Tahanan: 1. Upaya penyuapan ataupun gratifikasi kepada Panmud Pidana melalui petugas PTSP agar permohonan Izin berobat tahanan di setujui meskipun tidak memenuhi peryaratan 2. Panmud Pidana meminta sejumlah uang ke pemohon agar proses permohonan Izin berobat tahanan diutamakan prosesnya | D14: Sektor Pelayanan Publik | E14: Level 2 - Jarang Terjadi | G14: Level 3 - Moderat | H14: Turunnya kepercayaan publik terhadap lembaga peradilan | J14: Lain-lain | K14: 1. Sistem: kurangnya pengawasan dari KPT (HAWASBID) 2. Individu: adanya keinginan agar proses permohonan izin berobat tahanan cepat dilaksanakan diluar ketentuan dan disetujui 3. Rasionalisasi: Adanya pemerasan dari Panmud Pidana dan petugas PTSP bagian Pidana agar permohonan izin berobat disetujui | L14: =IF(ISNUMBER(X14),W14&" - "&Y14,"") -> 6 - Level Risiko Rendah | N14: 1) Telah ada Pelaporan (SIWAS); 2) Adanya kontrol di PTSP dari Hawasbid PTSP 3) Adanya Kode Etik PPH; 4) Adanya pakta Integritas; 5) Adanya Komitmen Bersama Anti Penyuapan; 6) Kebijakan Mutu Anti Penyuapan | Q14: =IF(ISBLANK(D14),"",VLOOKUP(D14,$AE$6:$AF$11,2,FALSE)) -> 7 | R14: =IF(ISBLANK(E14),"",VLOOKUP(E14,$AH$6:$AI$11,2,FALSE)) -> 2 | S14: =IF(ISBLANK(G14),"",VLOOKUP(G14,$AL$6:$AM$11,2,FALSE)) -> 3 | T14: =IF(ISBLANK(J14),"",VLOOKUP(J14,$AP$6:$AQ$11,2,FALSE)) -> 5 | U14: =IF(ISNUMBER(R14),VLOOKUP(R14,$AI$6:$AJ$11,2,FALSE),"") -> 2 | V14: =IF(ISNUMBER(S14),VLOOKUP(S14,$AM$6:$AN$11,2,FALSE),"") -> 3 | W14: =IF(AND(ISNUMBER(U14),ISNUMBER(V14)),U14*V14,"") -> 6 | X14: =IF(ISNUMBER(W14),LOOKUP(W14,$AS$6:$AS$11,$AV$6:$AV$11),"") -> 3 | Y14: =IF(ISNUMBER(W14),LOOKUP(W14,$AS$6:$AS$11,$AU$6:$AU$11),"") -> Level Risiko Rendah | AA14: 2025 | AB14: Pengadilan Negeri Palangkaraya | AC14: 2 | AX14: PENGADILAN AGAMA JAKARTA UTARA | AY14: 2025 | AZ14: https://drive.google.com/drive/folders/1zHGDut1INVfVxetNXdypAP2GADRJtqbW?usp=drive_link
A15: =ROW()-5 -> 10 | B15: Pengadilan Negeri Bogor | C15: Proses penyelesaian perkara pelanggaran lalu lintas : 1. Upaya penyuapan ataupun gratifikasi dari Pelanggar lalu lintas agar proses penyelesaian perkara pelanggaran lalu lintas lebih cepat diproses 2. Panmud Pidana meminta sejumlah uang agar proses penyelesaian perkara pelanggaran lalu lintas dapat segera diproses | D15: Sektor Pelayanan Publik | E15: Level 2 - Jarang Terjadi | G15: Level 4 - Signifikan | H15: Turunnya kepercayaan publik terhadap lembaga peradilan | J15: Lain-lain | K15: 1. Sistem: Proses penyelesaian perkara pelanggaran lalu lintas masih kurang efektif karena beberapa masyarakat proses tersebut belum tersosialisasikan kepada seluruh lapisan masyarakat 2. Individu: Masyarakat beranggapan bahwa proses tilang yang berbelit, sulit dan ribet serta membutuhkan waktu dan tenaga membuat masyarakat malas untuk menyelesaikan tilang sesuai dengan prosedur, keinginan untuk mendapatkan insentif dari personil PN 3. Rasionalisasi: Upaya proses penyelesaian perkara pelanggaran lalu lintas yang memiliki hubungan afiliasi | L15: =IF(ISNUMBER(X15),W15&" - "&Y15,"") -> 8 - Level Risiko Rendah | N15: 1) Telah dilaksanakan pengawasan dari Hakim Tinggi Pengawas / Hawasbid; 2) Telah ada Pelaporan (SIWAS); 3) Adanya Kode Etik PPH; 4) Adanya pakta Integritas; 5) Adanya Komitmen Bersama Anti Penyuapan; 6) Kebijakan Mutu Anti Penyuapan | Q15: =IF(ISBLANK(D15),"",VLOOKUP(D15,$AE$6:$AF$11,2,FALSE)) -> 7 | R15: =IF(ISBLANK(E15),"",VLOOKUP(E15,$AH$6:$AI$11,2,FALSE)) -> 2 | S15: =IF(ISBLANK(G15),"",VLOOKUP(G15,$AL$6:$AM$11,2,FALSE)) -> 4 | T15: =IF(ISBLANK(J15),"",VLOOKUP(J15,$AP$6:$AQ$11,2,FALSE)) -> 5 | U15: =IF(ISNUMBER(R15),VLOOKUP(R15,$AI$6:$AJ$11,2,FALSE),"") -> 2 | V15: =IF(ISNUMBER(S15),VLOOKUP(S15,$AM$6:$AN$11,2,FALSE),"") -> 4 | W15: =IF(AND(ISNUMBER(U15),ISNUMBER(V15)),U15*V15,"") -> 8 | X15: =IF(ISNUMBER(W15),LOOKUP(W15,$AS$6:$AS$11,$AV$6:$AV$11),"") -> 3 | Y15: =IF(ISNUMBER(W15),LOOKUP(W15,$AS$6:$AS$11,$AU$6:$AU$11),"") -> Level Risiko Rendah | AA15: 2025 | AB15: Pengadilan Negeri Pontianak | AC15: 1
A16: =ROW()-5 -> 11 | B16: Pengadilan Negeri Tulungagung | C16: Proses Persidangan dan Penjatuhan Putusan (Pidana Umum): potensi penyuapan agar putusan perkara pidana memihak kepada pihak tertentu | D16: Sektor Pelayanan Publik | E16: Level 2 - Jarang Terjadi | G16: Level 4 - Signifikan | H16: Kualitas putusan buruk sehingga menurunkan kepercayaan publik terhadap Hakim/Majelis Hakim dan lembaga peradilan | Q16: =IF(ISBLANK(D16),"",VLOOKUP(D16,$AE$6:$AF$11,2,FALSE)) -> 7 | R16: =IF(ISBLANK(E16),"",VLOOKUP(E16,$AH$6:$AI$11,2,FALSE)) -> 2 | S16: =IF(ISBLANK(G16),"",VLOOKUP(G16,$AL$6:$AM$11,2,FALSE)) -> 4 | T16: =IF(ISBLANK(J16),"",VLOOKUP(J16,$AP$6:$AQ$11,2,FALSE)) | U16: =IF(ISNUMBER(R16),VLOOKUP(R16,$AI$6:$AJ$11,2,FALSE),"") -> 2 | V16: =IF(ISNUMBER(S16),VLOOKUP(S16,$AM$6:$AN$11,2,FALSE),"") -> 4 | W16: =IF(AND(ISNUMBER(U16),ISNUMBER(V16)),U16*V16,"") -> 8 | X16: =IF(ISNUMBER(W16),LOOKUP(W16,$AS$6:$AS$11,$AV$6:$AV$11),"") -> 3 | Y16: =IF(ISNUMBER(W16),LOOKUP(W16,$AS$6:$AS$11,$AU$6:$AU$11),"") -> Level Risiko Rendah | AA16: 2025 | AB16: Pengadilan Negeri Bandung | AC16: 5
A17: =ROW()-5 -> 12 | B17: Pengadilan Negeri Tulungagung | AA17: 2025 | AB17: Pengadilan Negeri Klaten | AC17: 4
A18: =ROW()-5 -> 13 | B18: Pengadilan Negeri Tulungagung | AA18: 2025 | AB18: Pengadilan Negeri Tulungagung | AC18: 3
A19: =ROW()-5 -> 14 | B19: Pengadilan Negeri Tulungagung | AA19: 2025 | AB19: Pengadilan Negeri Mojokerto | AC19: 2
A20: =ROW()-5 -> 15 | B20: Pengadilan Negeri Tulungagung | AA20: 2025 | AB20: Pengadilan Negeri Semarang | AC20: 1
A21: =ROW()-5 -> 16 | B21: Pengadilan Negeri Tulungagung | AA21: 2025 | AB21: Pengadilan Negeri Malang | AC21: 5
A22: =ROW()-5 -> 17 | B22: Pengadilan Negeri Tulungagung | AA22: 2025 | AB22: Pengadilan Negeri Banyuwangi | AC22: 4
A23: =ROW()-5 -> 18 | B23: Pengadilan Negeri Tulungagung | AA23: 2025 | AB23: Pengadilan Negeri Tasikmalaya Klas 1A | AC23: 3
A24: =ROW()-5 -> 19 | B24: Pengadilan Negeri Tulungagung | AA24: 2025 | AB24: Pengadilan Negeri Bantul | AC24: 2
A25: =ROW()-5 -> 20 | B25: Pengadilan Negeri Tulungagung | AA25: 2025 | AB25: Pengadilan Agama Magelang | AC25: 1
A26: =ROW()-5 -> 21 | AA26: 2025 | AB26: Pengadilan Agama Banjarmasin Kelas IA | AC26: 5
AA27: 2025 | AB27: Pengadilan Agama Jakarta Selatan | AC27: 4
AA28: 2025 | AB28: Pengadilan Agama Tangerang | AC28: 3
AA29: 2025 | AB29: Pengadilan Agama Jakarta Utara | AC29: 2
AA30: 2025 | AB30: Pengadilan Agama Bogor | AC30: 1
AA31: 2025 | AB31: Pengadilan Agama Yogyakarta | AC31: 5
AA32: 2025 | AB32: Pengadilan Agama Batam | AC32: 4
AA33: 2025 | AB33: Pengadilan Agama Denpasar | AC33: 3
AA34: 2025 | AB34: Pengadilan Militer II-09 Bandung | AC34: 2
AA35: 2025 | AB35: Pengadilan Tata Usaha Negara Yogyakarta | AC35: 1

Sheet RR Idha
A1: FORM RISK REGISTER 2026
A2: Nama UPG | B2: UPG MAHKAMAH AGUNG | D2: Triwulan | E2: 3 | F2: Tahun | G2: 2026
A3: Keterangan: * Wajib diisi. Sheet ini standalone (tidak terhubung ke sheet lain). Kolom abu-abu (Q:Z) berisi kode/skor hasil kalkulasi otomatis dari tabel referensi di kanan (AE:AV), kecuali kolom Z (unitkerjaid) yang diisi manual bila diperlukan.
A4: No. | B4: Unit Kerja yang memiliki risiko gratifikasi | C4: Potensi Terjadinya Gratifikasi | D4: Klasifikasi Risiko | E4: Probabilitas Potensi Gratifikasi | G4: Dampak Gratifikasi | I4: Alasan/Penyebab Utama | L4: Level Risiko | M4: Sistem Pengendalian dan Pengawasan yang ada | O4: Rencana Mitigasi/Perbaikan | Q4: klasifikasirisikoid | R4: probabilitasrisikoid | S4: dampakrisikoid | T4: faktorpenyebabid | U4: levelprobabilitas | V4: leveldampak | W4: levelrisiko | X4: levelrisikoid | Y4: levelrisikodesc | AA4: Tahun Analisis | AB4: Daftar Satker Relevan (Hasil Analisis 2024–2025) | AC4: PIC | AE4: Klasifikasi Risiko | AH4: Probabilitas Risiko | AL4: Dampak Risiko | AP4: Faktor Penyebab | AS4: Level Risiko | AX4: Satuan Kerja | AY4: Tahun | AZ4: FILE
E5: Probabilitas Risiko | F5: Keterangan | G5: Dampak Risiko | H5: Keterangan | I5: No. | J5: Klasifikasi Penyebab | K5: Keterangan | M5: No. | N5: Keterangan | O5: No. | P5: Keterangan | AA5: 2024 | AB5: Pengadilan Negeri Palembang | AC5: 5 | AE5: Label | AF5: Id | AH5: Label | AI5: Id | AJ5: Level | AL5: Label | AM5: Id | AN5: Level | AP5: Label | AQ5: Id | AS5: Lower Limit | AT5: Upper Limit | AU5: Description | AV5: Id | AX5: PENGADILAN NEGERI WATES | AY5: 2024 | AZ5: https://smap.mahkamahagung.go.id/evaluasi/documents/evidence/2024/163/smap-evidence-51-2024-05-21-15-03-19.pdf
A6: =ROW()-5 -> 1 | B6: Pengadilan Negeri Ambon | C6: Penunjukan Majelis Hakim / Hakim - Penyuapan saat Penetapan Majelis hakim | D6: Sektor Pelayanan Publik | E6: Level 4 - Sering Terjadi | F6: - | G6: Level 3 - Moderat | H6: Turunnya kepercayaan publik terhadap lembaga peradilan | J6: Sistem | K6: - Kurang pengawasan dari pimpinan - Adanya kepentingan dari pihak tertentu | L6: =IF(ISNUMBER(X6),W6&" - "&Y6,"") -> 12 - Level Risiko Sedang | N6: - Pembinaan dan pengawasan oleh Ketua PT secara berkala - Pakta integritas - SOP dan Pedoman yang berkaitan dengan kode etik hakim dan pimpinan dalam hal ini Ketua PN | P6: - | Q6: =IF(ISBLANK(D6),"",VLOOKUP(D6,$AE$6:$AF$11,2,FALSE)) -> 7 | R6: =IF(ISBLANK(E6),"",VLOOKUP(E6,$AH$6:$AI$11,2,FALSE)) -> 4 | S6: =IF(ISBLANK(G6),"",VLOOKUP(G6,$AL$6:$AM$11,2,FALSE)) -> 3 | T6: =IF(ISBLANK(J6),"",VLOOKUP(J6,$AP$6:$AQ$11,2,FALSE)) -> 4 | U6: =IF(ISNUMBER(R6),VLOOKUP(R6,$AI$6:$AJ$11,2,FALSE),"") -> 4 | V6: =IF(ISNUMBER(S6),VLOOKUP(S6,$AM$6:$AN$11,2,FALSE),"") -> 3 | W6: =IF(AND(ISNUMBER(U6),ISNUMBER(V6)),U6*V6,"") -> 12 | X6: =IF(ISNUMBER(W6),LOOKUP(W6,$AS$6:$AS$11,$AV$6:$AV$11),"") -> 4 | Y6: =IF(ISNUMBER(W6),LOOKUP(W6,$AS$6:$AS$11,$AU$6:$AU$11),"") -> Level Risiko Sedang | AA6: 2024 | AB6: Pengadilan Negeri Pati | AC6: 4 | AE6: Sektor Pelayanan Publik | AF6: 7 | AH6: Level 1 - Hampir Tidak Terjadi | AI6: 1 | AJ6: 1 | AL6: Level 1 - Tidak Signifikan | AM6: 1 | AN6: 1 | AP6: Pemahaman | AQ6: 1 | AS6: 1 | AT6: 5 | AU6: Level Risiko Sangat Rendah | AV6: 2 | AX6: PENGADILAN NEGERI WATES | AY6: 2024 | AZ6: https://drive.google.com/file/d/1c4E2P_KLkF7Vgt8rdPUGpbyX3W2tFqIN/view?usp=sharing
A7: 2 | B7: Pengadilan Negeri Ambon | C7: Penyuapan sebelum Pembacaan Putusan | D7: Sektor Pelayanan Publik | E7: Level 4 - Sering Terjadi | G7: Level 3 - Moderat | H7: Turunnya kepercayaan publik terhadap lembaga peradilan | J7: Sistem | K7: - Kurang pengawasan dari pimpinan sebagai pejabat yang melakukan pengawasan kepada hakim - Adanya kepentingan dari pihak tertentu | L7: =IF(ISNUMBER(X7),W7&" - "&Y7,"") | N7: - Pembinaan dan pengawasan oleh Ketua PN secara berkala - Pakta integritas - SOP dan Pedoman yang berkaitan dengan kode etik hakim | AX7: PENGADILAN NEGERI PALANGKARAYA | AY7: 2024 | AZ7: https://drive.google.com/drive/folders/1iJQMXDgyIiz54CEr58vT_wubSSbOcQKz?usp=share_link
A8: =ROW()-5 -> 3 | B8: Pengadilan Negeri Ambon | C8: Gratifikasi pada saat pembuatan penetapan pinjam pakai barang bukti | D8: Sektor Pelayanan Publik | E8: Level 4 - Sering Terjadi | G8: Level 3 - Moderat | H8: berdampak kepada reputasi/kepercayaan publik atas Pengadilan (Satker) | J8: Sistem | K8: - Kurang pengawasan dari pimpinan sebagai pejabat yang melakukan pengawasan kepada hakim - Kurang pengawasan dari panitera sebagai atasan langsung dari staff - Pelaku ingin menjadikan proses tersebut sebagai objek untuk mencari uang tambahan | N8: - PPembinaan dan pengawasan terintegrasi oleh Ketua, Wakil Ketua dan Nanitera secara berkala - Pakta integritas - SOP dan regulasi yang berkaitan dengan proses Pinjam Pakai Barang Bukti | Q8: =IF(ISBLANK(D8),"",VLOOKUP(D8,$AE$6:$AF$11,2,FALSE)) -> 7 | R8: =IF(ISBLANK(E8),"",VLOOKUP(E8,$AH$6:$AI$11,2,FALSE)) -> 4 | S8: =IF(ISBLANK(G8),"",VLOOKUP(G8,$AL$6:$AM$11,2,FALSE)) -> 3 | T8: =IF(ISBLANK(J8),"",VLOOKUP(J8,$AP$6:$AQ$11,2,FALSE)) -> 4 | U8: =IF(ISNUMBER(R8),VLOOKUP(R8,$AI$6:$AJ$11,2,FALSE),"") -> 4 | V8: =IF(ISNUMBER(S8),VLOOKUP(S8,$AM$6:$AN$11,2,FALSE),"") -> 3 | W8: =IF(AND(ISNUMBER(U8),ISNUMBER(V8)),U8*V8,"") -> 12 | X8: =IF(ISNUMBER(W8),LOOKUP(W8,$AS$6:$AS$11,$AV$6:$AV$11),"") -> 4 | Y8: =IF(ISNUMBER(W8),LOOKUP(W8,$AS$6:$AS$11,$AU$6:$AU$11),"") -> Level Risiko Sedang | AA8: 2024 | AB8: Pengadilan Negeri Bogor | AC8: 3 | AE8: Sektor Pengadaan Barang dan/atau Jasa | AF8: 8 | AH8: Level 2 - Jarang Terjadi | AI8: 2 | AJ8: 2 | AL8: Level 2 - Minor | AM8: 2 | AN8: 2 | AP8: Penegakan Aturan | AQ8: 2 | AS8: 6 | AT8: 11 | AU8: Level Risiko Rendah | AV8: 3 | AX8: PENGADILAN NEGERI BANTUL | AY8: 2025 | AZ8: https://smap.mahkamahagung.go.id/evaluasi/documents/evidence/2025/166/smap-evidence-51-2025-05-28-19-28-10.pdf
A9: =ROW()-5 -> 4 | B9: Pengadilan Negeri Ambon | C9: Suap menyuap pada saat penjatuhan denda | D9: Sektor Pelayanan Publik | E9: Level 4 - Sering Terjadi | G9: Level 3 - Moderat | H9: Berdampak kepada reputasi/kepercayaan publik atas individu yang bersangkutan saja | J9: Sistem | K9: - Kurang pengawasan dari pimpinan sebagai pejabat yang melakukan pengawasan kepada hakim - Kurang pengawasan dari Panitera sebagai atasan langsung dari Panitera Pengganti - Pelaku ingin menjadikan proses tersebut sebagai objek untuk mencari uang tambahan | N9: - Pembinaan dan pengawasan terintegrasi oleh Ketua, Wakil Ketua dan Panitera secara berkala - Pakta integritas - SOP dan regulasi yang berkaitan dengan proses penyelesaian perkara lalulintas | Q9: =IF(ISBLANK(D9),"",VLOOKUP(D9,$AE$6:$AF$11,2,FALSE)) -> 7 | R9: =IF(ISBLANK(E9),"",VLOOKUP(E9,$AH$6:$AI$11,2,FALSE)) -> 4 | S9: =IF(ISBLANK(G9),"",VLOOKUP(G9,$AL$6:$AM$11,2,FALSE)) -> 3 | T9: =IF(ISBLANK(J9),"",VLOOKUP(J9,$AP$6:$AQ$11,2,FALSE)) -> 4 | U9: =IF(ISNUMBER(R9),VLOOKUP(R9,$AI$6:$AJ$11,2,FALSE),"") -> 4 | V9: =IF(ISNUMBER(S9),VLOOKUP(S9,$AM$6:$AN$11,2,FALSE),"") -> 3 | W9: =IF(AND(ISNUMBER(U9),ISNUMBER(V9)),U9*V9,"") -> 12 | X9: =IF(ISNUMBER(W9),LOOKUP(W9,$AS$6:$AS$11,$AV$6:$AV$11),"") -> 4 | Y9: =IF(ISNUMBER(W9),LOOKUP(W9,$AS$6:$AS$11,$AU$6:$AU$11),"") -> Level Risiko Sedang | AA9: 2024 | AB9: Pengadilan Negeri Wates | AC9: 2 | AE9: Sektor Pengelolaan Sumber Daya Manusia | AF9: 9 | AH9: Level 3 - Kadang Terjadi | AI9: 3 | AJ9: 3 | AL9: Level 3 - Moderat | AM9: 3 | AN9: 3 | AP9: Pemeriksaan | AQ9: 3 | AS9: 12 | AT9: 15 | AU9: Level Risiko Sedang | AV9: 4 | AX9: PENGADILAN NEGERI MOJOKERTO | AY9: 2025 | AZ9: https://smap.mahkamahagung.go.id/evaluasi/documents/evidence/2025/173/smap-evidence-51-2025-05-27-14-58-09.pdf
A10: =ROW()-5 -> 5 | B10: Pengadilan Negeri Ambon | C10: Terjadi gratifikas pada saat pembuatan izin besuk ketika proses Permintaan izin/persetujuan besuk, proses pembuatan izin/persetujuan besuk | D10: Sektor Pelayanan Publik | E10: Level 3 - Kadang Terjadi | G10: Level 3 - Moderat | H10: Berdampak kepada reputasi/kepercayaan publik atas individu yang bersangkutan saja | J10: Sistem | K10: - Kurang pengawasan dari pimpinan sebagai pejabat yang melakukan pengawasan kepada hakim - Kurang pengawasan dari panitera sebagai atasan langsung dari staff - Pelaku ingin menjadikan proses tersebut sebagai objek untuk mencari uang tambahan | N10: - Pembinaan dan pengawasan terintegrasi oleh Ketua, Wakil Ketua dan Nanitera secara berkala - Pakta integritas - SOP dan regulasi yang berkaitan dengan proses permohonan izin besuk | Q10: =IF(ISBLANK(D10),"",VLOOKUP(D10,$AE$6:$AF$11,2,FALSE)) -> 7 | R10: =IF(ISBLANK(E10),"",VLOOKUP(E10,$AH$6:$AI$11,2,FALSE)) -> 3 | S10: =IF(ISBLANK(G10),"",VLOOKUP(G10,$AL$6:$AM$11,2,FALSE)) -> 3 | T10: =IF(ISBLANK(J10),"",VLOOKUP(J10,$AP$6:$AQ$11,2,FALSE)) -> 4 | U10: =IF(ISNUMBER(R10),VLOOKUP(R10,$AI$6:$AJ$11,2,FALSE),"") -> 3 | V10: =IF(ISNUMBER(S10),VLOOKUP(S10,$AM$6:$AN$11,2,FALSE),"") -> 3 | W10: =IF(AND(ISNUMBER(U10),ISNUMBER(V10)),U10*V10,"") -> 9 | X10: =IF(ISNUMBER(W10),LOOKUP(W10,$AS$6:$AS$11,$AV$6:$AV$11),"") -> 3 | Y10: =IF(ISNUMBER(W10),LOOKUP(W10,$AS$6:$AS$11,$AU$6:$AU$11),"") -> Level Risiko Rendah | AA10: 2024 | AB10: Pengadilan Negeri Ambon | AC10: 1 | AE10: Sektor Perizinan | AF10: 10 | AH10: Level 4 - Sering Terjadi | AI10: 4 | AJ10: 4 | AL10: Level 4 - Signifikan | AM10: 4 | AN10: 4 | AP10: Sistem | AQ10: 4 | AS10: 16 | AT10: 19 | AU10: Level Risiko Tinggi | AV10: 6 | AX10: PENGADILAN NEGERI MOJOKERTO | AY10: 2025 | AZ10: https://smap.mahkamahagung.go.id/evaluasi/documents/evidence/2025/173/smap-evidence-51-2025-05-27-14-59-21.pdf
A11: =ROW()-5 -> 6 | B11: Pengadilan Negeri Ambon | C11: Suap menyuap pada saat pendaftaran oleh petugas meja e-court saat pendaftaran berkas perkara di Pengadilan melalui ecourt | D11: Sektor Pelayanan Publik | E11: Level 3 - Kadang Terjadi | G11: Level 4 - Signifikan | H11: berdampak kepada reputasi/kepercayaan publik atas Pengadilan (Satker) | J11: Sistem | K11: - Kurang pengawasan dari Panitera sebagai pejabat yang melakukan pengawasan kepada staff - Pelaku ingin menerima sesuatu yang seharusnya tidak menjadi milik pribadi | N11: - Pembinaan dan pengawasan oleh Ketua PN secara berkala - Pakta integritas - SOP dan Pedoman yang berkaitan dengan kode etik hakim dan pimpinan dalam hal ini Ketua PN - SK 144/DJU/SK.HM1.1./I/2024 | Q11: =IF(ISBLANK(D11),"",VLOOKUP(D11,$AE$6:$AF$11,2,FALSE)) -> 7 | R11: =IF(ISBLANK(E11),"",VLOOKUP(E11,$AH$6:$AI$11,2,FALSE)) -> 3 | S11: =IF(ISBLANK(G11),"",VLOOKUP(G11,$AL$6:$AM$11,2,FALSE)) -> 4 | T11: =IF(ISBLANK(J11),"",VLOOKUP(J11,$AP$6:$AQ$11,2,FALSE)) -> 4 | U11: =IF(ISNUMBER(R11),VLOOKUP(R11,$AI$6:$AJ$11,2,FALSE),"") -> 3 | V11: =IF(ISNUMBER(S11),VLOOKUP(S11,$AM$6:$AN$11,2,FALSE),"") -> 4 | W11: =IF(AND(ISNUMBER(U11),ISNUMBER(V11)),U11*V11,"") -> 12 | X11: =IF(ISNUMBER(W11),LOOKUP(W11,$AS$6:$AS$11,$AV$6:$AV$11),"") -> 4 | Y11: =IF(ISNUMBER(W11),LOOKUP(W11,$AS$6:$AS$11,$AU$6:$AU$11),"") -> Level Risiko Sedang | AA11: 2024 | AB11: Pengadilan Tata Usaha Negara Serang | AC11: 5 | AE11: Sektor Pemeriksaan/Audit | AF11: 11 | AH11: Level 5 - Hampir Pasti Terjadi | AI11: 5 | AJ11: 5 | AL11: Level 5 - Sangat Signifikan | AM11: 5 | AN11: 5 | AP11: Lain-lain | AQ11: 5 | AS11: 20 | AT11: 25 | AU11: Level Risiko Sangat Tinggi | AV11: 5 | AX11: PENGADILAN NEGERI MOJOKERTO | AY11: 2025 | AZ11: https://smap.mahkamahagung.go.id/evaluasi/documents/evidence/2025/173/smap-evidence-51-2025-05-27-15-00-01.pdf
A12: =ROW()-5 -> 7 | B12: Pengadilan Negeri Ambon | C12: Suap menyuap pada saat penetapan Majelis Hakim, Panitera Pengganti dan Jurusita Ketika Berkas perkara dibawa ke Ketua PN, Penetapan majelis hakim oleh Ketua, Penetapan Panitera Pengganti dan Jurusita oleh Panitera | D12: Sektor Pelayanan Publik | E12: Level 3 - Kadang Terjadi | G12: Level 4 - Signifikan | H12: Turunnya kepercayaan publik terhadap lembaga peradilan | J12: Sistem | K12: Kurangnya pengawasan pimpinan | N12: - Pembinaan dan pengawasan oleh Ketua PN secara berkala - Pakta integritas - SOP dan Pedoman yang berkaitan dengan kode etik hakim | Q12: =IF(ISBLANK(D12),"",VLOOKUP(D12,$AE$6:$AF$11,2,FALSE)) -> 7 | R12: =IF(ISBLANK(E12),"",VLOOKUP(E12,$AH$6:$AI$11,2,FALSE)) -> 3 | S12: =IF(ISBLANK(G12),"",VLOOKUP(G12,$AL$6:$AM$11,2,FALSE)) -> 4 | T12: =IF(ISBLANK(J12),"",VLOOKUP(J12,$AP$6:$AQ$11,2,FALSE)) -> 4 | U12: =IF(ISNUMBER(R12),VLOOKUP(R12,$AI$6:$AJ$11,2,FALSE),"") -> 3 | V12: =IF(ISNUMBER(S12),VLOOKUP(S12,$AM$6:$AN$11,2,FALSE),"") -> 4 | W12: =IF(AND(ISNUMBER(U12),ISNUMBER(V12)),U12*V12,"") -> 12 | X12: =IF(ISNUMBER(W12),LOOKUP(W12,$AS$6:$AS$11,$AV$6:$AV$11),"") -> 4 | Y12: =IF(ISNUMBER(W12),LOOKUP(W12,$AS$6:$AS$11,$AU$6:$AU$11),"") -> Level Risiko Sedang | AA12: 2024 | AB12: Pengadilan Tata Usaha Negara Tanjung Pinang | AC12: 4 | AE12: Sektor Lainnya | AF12: 12 | AX12: PENGADILAN NEGERI PALANGKARAYA | AY12: 2025 | AZ12: https://drive.google.com/drive/folders/1j1y6lO0-SM7ychhmwCn5Byh4kOtxSQ-I?usp=share_link
A13: =ROW()-5 -> 8 | B13: Pengadilan Negeri Ambon | C13: Suap menyuap pada saat penyerahan salinan putusan ketika proses copy salinan dan penyerahan salinan putusan | D13: Sektor Pelayanan Publik | E13: Level 2 - Jarang Terjadi | G13: Level 3 - Moderat | H13: berdampak kepada reputasi/kepercayaan publik atas Pengadilan (Satker) | J13: Sistem | K13: - Kurang pengawasan dari panitera sebagai pejabat yang melakukan pengawasan kepada JS, staff - pelaku ingin menerima sesuatu yang seharusnya tidak menjadi milik pribadi | N13: - Pembinaan dan pengawasan oleh panitera secara berkala - Pakta integritas - SOP dan dasar hukum yang berkaitan dengan kode etik pegawai dan proses pengiriman putusan | Q13: =IF(ISBLANK(D13),"",VLOOKUP(D13,$AE$6:$AF$11,2,FALSE)) -> 7 | R13: =IF(ISBLANK(E13),"",VLOOKUP(E13,$AH$6:$AI$11,2,FALSE)) -> 2 | S13: =IF(ISBLANK(G13),"",VLOOKUP(G13,$AL$6:$AM$11,2,FALSE)) -> 3 | T13: =IF(ISBLANK(J13),"",VLOOKUP(J13,$AP$6:$AQ$11,2,FALSE)) -> 4 | U13: =IF(ISNUMBER(R13),VLOOKUP(R13,$AI$6:$AJ$11,2,FALSE),"") -> 2 | V13: =IF(ISNUMBER(S13),VLOOKUP(S13,$AM$6:$AN$11,2,FALSE),"") -> 3 | W13: =IF(AND(ISNUMBER(U13),ISNUMBER(V13)),U13*V13,"") -> 6 | X13: =IF(ISNUMBER(W13),LOOKUP(W13,$AS$6:$AS$11,$AV$6:$AV$11),"") -> 3 | Y13: =IF(ISNUMBER(W13),LOOKUP(W13,$AS$6:$AS$11,$AU$6:$AU$11),"") -> Level Risiko Rendah | AA13: 2024 | AB13: Pengadilan Tata Usaha Negara Manado | AC13: 3 | AX13: PENGADILAN MILITER II-09 BANDUNG | AY13: 2025 | AZ13: https://drive.google.com/drive/folders/1YjWTR6gRKUnfYh64R8aOjFco2G7vHlJK?usp=sharing
A14: =ROW()-5 -> 9 | B14: Pengadilan Negeri Ambon | C14: Suap menyuap pada saat pengembalian sisa panjar perkara ketika proses pengembalian sisa panjar melalui kasir | D14: Sektor Pelayanan Publik | E14: Level 2 - Jarang Terjadi | G14: Level 2 - Minor | H14: Berdampak kepada reputasi/kepercayaan publik atas individu yang bersangkutan saja | J14: Sistem | K14: - Kurang pengawasan dari pimpinan - Kurang pengawasan dari panitera sebagai atasan langsung dari staff - Pelaku ingin menjadikan proses tersebut sebagai objek untuk mencari uang tambahan | N14: - Pembinaan dan pengawasan terintegrasi oleh Panitera secara berkala - Pakta integritas - SOP dan regulasi yang berkaitan dengan proses pengembalian sisa panjar perkara | Q14: =IF(ISBLANK(D14),"",VLOOKUP(D14,$AE$6:$AF$11,2,FALSE)) -> 7 | R14: =IF(ISBLANK(E14),"",VLOOKUP(E14,$AH$6:$AI$11,2,FALSE)) -> 2 | S14: =IF(ISBLANK(G14),"",VLOOKUP(G14,$AL$6:$AM$11,2,FALSE)) -> 2 | T14: =IF(ISBLANK(J14),"",VLOOKUP(J14,$AP$6:$AQ$11,2,FALSE)) -> 4 | U14: =IF(ISNUMBER(R14),VLOOKUP(R14,$AI$6:$AJ$11,2,FALSE),"") -> 2 | V14: =IF(ISNUMBER(S14),VLOOKUP(S14,$AM$6:$AN$11,2,FALSE),"") -> 2 | W14: =IF(AND(ISNUMBER(U14),ISNUMBER(V14)),U14*V14,"") -> 4 | X14: =IF(ISNUMBER(W14),LOOKUP(W14,$AS$6:$AS$11,$AV$6:$AV$11),"") -> 2 | Y14: =IF(ISNUMBER(W14),LOOKUP(W14,$AS$6:$AS$11,$AU$6:$AU$11),"") -> Level Risiko Sangat Rendah | AA14: 2025 | AB14: Pengadilan Negeri Palangkaraya | AC14: 2 | AX14: PENGADILAN AGAMA JAKARTA UTARA | AY14: 2025 | AZ14: https://drive.google.com/drive/folders/1zHGDut1INVfVxetNXdypAP2GADRJtqbW?usp=drive_link
A15: =ROW()-5 -> 10 | B15: Pengadilan Negeri Ambon | C15: Suap menyuap pada saat pelaksanaan eksekusi ketika proses permohonan eksekusi, resume, anmaaning, konstatering, pelaksanaan eksekusi | D15: Sektor Pelayanan Publik | E15: Level 2 - Jarang Terjadi | G15: Level 3 - Moderat | H15: Berdampak kepada reputasi/kepercayaan publik atas individu yang bersangkutan saja | J15: Sistem | K15: - Kurang pengawasan dari pimpinan sebagai pejabat yang melakukan pengawasan - Kurang pengawasan dari panitera sebagai atasan langsung - Pelaku ingin menjadikan proses tersebut sebagai objek untuk mencari uang tambahan | N15: - Pembinaan dan pengawasan terintegrasi oleh panitera secara berkala - Pakta integritas - SOP dan regulasi yang berkaitan dengan eksekusi | Q15: =IF(ISBLANK(D15),"",VLOOKUP(D15,$AE$6:$AF$11,2,FALSE)) -> 7 | R15: =IF(ISBLANK(E15),"",VLOOKUP(E15,$AH$6:$AI$11,2,FALSE)) -> 2 | S15: =IF(ISBLANK(G15),"",VLOOKUP(G15,$AL$6:$AM$11,2,FALSE)) -> 3 | T15: =IF(ISBLANK(J15),"",VLOOKUP(J15,$AP$6:$AQ$11,2,FALSE)) -> 4 | U15: =IF(ISNUMBER(R15),VLOOKUP(R15,$AI$6:$AJ$11,2,FALSE),"") -> 2 | V15: =IF(ISNUMBER(S15),VLOOKUP(S15,$AM$6:$AN$11,2,FALSE),"") -> 3 | W15: =IF(AND(ISNUMBER(U15),ISNUMBER(V15)),U15*V15,"") -> 6 | X15: =IF(ISNUMBER(W15),LOOKUP(W15,$AS$6:$AS$11,$AV$6:$AV$11),"") -> 3 | Y15: =IF(ISNUMBER(W15),LOOKUP(W15,$AS$6:$AS$11,$AU$6:$AU$11),"") -> Level Risiko Rendah | AA15: 2025 | AB15: Pengadilan Negeri Pontianak | AC15: 1
A16: =ROW()-5 -> 11 | B16: Pengadilan Negeri Ambon | C16: Penyuapan pada saat penetapan majelis hakim ketika proses penerimaan pelimpahan berkas perkara di Pengadilan, Penetapan majelis hakim | D16: Sektor Pelayanan Publik | E16: Level 3 - Kadang Terjadi | G16: Level 5 - Sangat Signifikan | H16: Turunnya kepercayaan publik terhadap lembaga peradilan | J16: Sistem | K16: - Kurang pengawasan dan pembinaan dari pimpinan - Adanya kepentingan pihak tertentu | N16: -Pembinaan oleh Ketua PT secara berkala - Pakta integritas - SOP dan Pedoman yang berkaitan dengan kode etik hakim dan pimpinan dalam hal ini Ketua PN | Q16: =IF(ISBLANK(D16),"",VLOOKUP(D16,$AE$6:$AF$11,2,FALSE)) -> 7 | R16: =IF(ISBLANK(E16),"",VLOOKUP(E16,$AH$6:$AI$11,2,FALSE)) -> 3 | S16: =IF(ISBLANK(G16),"",VLOOKUP(G16,$AL$6:$AM$11,2,FALSE)) -> 5 | T16: =IF(ISBLANK(J16),"",VLOOKUP(J16,$AP$6:$AQ$11,2,FALSE)) -> 4 | U16: =IF(ISNUMBER(R16),VLOOKUP(R16,$AI$6:$AJ$11,2,FALSE),"") -> 3 | V16: =IF(ISNUMBER(S16),VLOOKUP(S16,$AM$6:$AN$11,2,FALSE),"") -> 5 | W16: =IF(AND(ISNUMBER(U16),ISNUMBER(V16)),U16*V16,"") -> 15 | X16: =IF(ISNUMBER(W16),LOOKUP(W16,$AS$6:$AS$11,$AV$6:$AV$11),"") -> 4 | Y16: =IF(ISNUMBER(W16),LOOKUP(W16,$AS$6:$AS$11,$AU$6:$AU$11),"") -> Level Risiko Sedang | AA16: 2025 | AB16: Pengadilan Negeri Bandung | AC16: 5
AA17: 2025 | AB17: Pengadilan Negeri Klaten | AC17: 4
AA18: 2025 | AB18: Pengadilan Negeri Tulungagung | AC18: 3
AA19: 2025 | AB19: Pengadilan Negeri Mojokerto | AC19: 2
AA20: 2025 | AB20: Pengadilan Negeri Semarang | AC20: 1
AA21: 2025 | AB21: Pengadilan Negeri Malang | AC21: 5
AA22: 2025 | AB22: Pengadilan Negeri Banyuwangi | AC22: 4
AA23: 2025 | AB23: Pengadilan Negeri Tasikmalaya Klas 1A | AC23: 3
AA24: 2025 | AB24: Pengadilan Negeri Bantul | AC24: 2
AA25: 2025 | AB25: Pengadilan Agama Magelang | AC25: 1
AA26: 2025 | AB26: Pengadilan Agama Banjarmasin Kelas IA | AC26: 5
AA27: 2025 | AB27: Pengadilan Agama Jakarta Selatan | AC27: 4
AA28: 2025 | AB28: Pengadilan Agama Tangerang | AC28: 3
... AA35: 2025 | AB35: Pengadilan Tata Usaha Negara Yogyakarta | AC35: 1

Sheet RR Dml
A1: FORM RISK REGISTER 2026
A2: Nama UPG | B2: UPG MAHKAMAH AGUNG | D2: Triwulan | E2: 3 | F2: Tahun | G2: 2026
A3: Keterangan: * Wajib diisi. Sheet ini standalone (tidak terhubung ke sheet lain). Kolom abu-abu (Q:Z) berisi kode/skor hasil kalkulasi otomatis dari tabel referensi di kanan (AE:AV), kecuali kolom Z (unitkerjaid) yang diisi manual bila diperlukan.
A4: No. | B4: Unit Kerja yang memiliki risiko gratifikasi | C4: Potensi Terjadinya Gratifikasi | D4: Klasifikasi Risiko | E4: Probabilitas Potensi Gratifikasi | G4: Dampak Gratifikasi | I4: Alasan/Penyebab Utama | L4: Level Risiko | M4: Sistem Pengendalian dan Pengawasan yang ada | O4: Rencana Mitigasi/Perbaikan | Q4: klasifikasirisikoid | R4: probabilitasrisikoid | S4: dampakrisikoid | T4: faktorpenyebabid | U4: levelprobabilitas | V4: leveldampak | W4: levelrisiko | X4: levelrisikoid | Y4: levelrisikodesc | AA4: Tahun Analisis | AB4: Daftar Satker Relevan (Hasil Analisis 2024–2025) | AC4: PIC | AE4: Klasifikasi Risiko | AH4: Probabilitas Risiko | AL4: Dampak Risiko | AP4: Faktor Penyebab | AS4: Level Risiko | AX4: Satuan Kerja | AY4: Tahun | AZ4: FILE
E5: Probabilitas Risiko | F5: Keterangan | G5: Dampak Risiko | H5: Keterangan | I5: No. | J5: Klasifikasi Penyebab | K5: Keterangan | M5: No. | N5: Keterangan | O5: No. | P5: Keterangan | AA5: 2024 | AB5: Pengadilan Negeri Palembang | AC5: 5 | AE5: Label | AF5: Id | AH5: Label | AI5: Id | AJ5: Level | AL5: Label | AM5: Id | AN5: Level | AP5: Label | AQ5: Id | AS5: Lower Limit | AT5: Upper Limit | AU5: Description | AV5: Id | AX5: PENGADILAN NEGERI WATES | AY5: 2024 | AZ5: https://smap.mahkamahagung.go.id/evaluasi/documents/evidence/2024/163/smap-evidence-51-2024-05-21-15-03-19.pdf
A6: =ROW()-5 -> 1 | B6: Pengadilan Negeri Palembang | C6: Permohonan Informasi - Informasi | D6: Sektor Pelayanan Publik | E6: Level 1 - Hampir Tidak Terjadi | F6: - | G6: Level 2 - Minor | H6: Turunnya kepercayaan publik terhadap lembaga peradilan | J6: Lain-lain | K6: 1. Sistem: kurangnya pengawasan dari pimpinan. 2. Individu: Keinginan untuk mendapatkan insentif tambahan di luar dari yang seharusnya . | L6: =IF(ISNUMBER(X6),W6&" - "&Y6,"") -> 2 - Level Risiko Sangat Rendah | N6: 1. Sudah dibuatkan SOP tersendiri mengenai peminjaman berkas, 2. Adanya CCTV untuk mengawasi para pelaksana kearsipan, 3. Disediakannya buku register peminjaman berkas baik manual maupun melalui SIPP… | P6: - | Q6: =IF(ISBLANK(D6),"",VLOOKUP(D6,$AE$6:$AF$11,2,FALSE)) -> 7 | R6: =IF(ISBLANK(E6),"",VLOOKUP(E6,$AH$6:$AI$11,2,FALSE)) -> 1 | S6: =IF(ISBLANK(G6),"",VLOOKUP(G6,$AL$6:$AM$11,2,FALSE)) -> 2 | T6: =IF(ISBLANK(J6),"",VLOOKUP(J6,$AP$6:$AQ$11,2,FALSE)) -> 5 | U6: =IF(ISNUMBER(R6),VLOOKUP(R6,$AI$6:$AJ$11,2,FALSE),"") -> 1 | V6: =IF(ISNUMBER(S6),VLOOKUP(S6,$AM$6:$AN$11,2,FALSE),"") -> 2 | W6: =IF(AND(ISNUMBER(U6),ISNUMBER(V6)),U6*V6,"") -> 2 | X6: =IF(ISNUMBER(W6),LOOKUP(W6,$AS$6:$AS$11,$AV$6:$AV$11),"") -> 2 | Y6: =IF(ISNUMBER(W6),LOOKUP(W6,$AS$6:$AS$11,$AU$6:$AU$11),"") -> Level Risiko Sangat Rendah | AA6: 2024 | AB6: Pengadilan Negeri Pati | AC6: 4 | AE6: Sektor Pelayanan Publik | AF6: 7 | AH6: Level 1 - Hampir Tidak Terjadi | AI6: 1 | AJ6: 1 | AL6: Level 1 - Tidak Signifikan | AM6: 1 | AN6: 1 | AP6: Pemahaman | AQ6: 1 | AS6: 1 | AT6: 5 | AU6: Level Risiko Sangat Rendah | AV6: 2 | AX6: PENGADILAN NEGERI WATES | AY6: 2024 | AZ6: https://drive.google.com/file/d/1c4E2P_KLkF7Vgt8rdPUGpbyX3W2tFqIN/view?usp=sharing
C7: Pendaftaran Gugatan – penerimaan pendaftaran perkara gugatan | D7: Sektor Pelayanan Publik | E7: Level 2 - Jarang Terjadi | G7: Level 2 - Minor | H7: Turunnya kepercayaan publik terhadap lembaga peradilan | J7: Sistem | K7: 1. Sistem: kurangnya pengawasan dari pimpinan (KPN, WKPN, Panitera, Panmud). 2. Individu: keinginan untuk mendapatkan insentif di luar dari yang seharusnya oleh personel PN. 3. Rasionalisasi: adanya anggapan bahwa praktik suap-menyuap itu wajar. | L7: =IF(ISNUMBER(X7),W7&" - "&Y7,"") | N7: 1. Adanya SOP yang mengatur durasi pendaftaran perkara. 2. Penerimaan perkara sudah terpusat di PTSP atau melalui e-Court. 3. Sudah ada kanal WBS dan pelaporan lainnya, yaitu WhatsApp, Kotak Pengaduan, dan SIWAS. 4. Penerapan ZI dan SMAP. 5. Pembatasan akses area kantor dengan pintu berpassword. 6. Pemutaran audio anti penyuapan dan gratifikasi setiap satu jam sekali. | AX7: PENGADILAN NEGERI PALANGKARAYA | AY7: 2024 | AZ7: https://drive.google.com/drive/folders/1iJQMXDgyIiz54CEr58vT_wubSSbOcQKz?usp=share_link
A8: =ROW()-5 -> 3 | B8: Pengadilan Negeri Wates | C8: 1 Penunjukan Majelis Hakim/hakim | Q8: =IF(ISBLANK(D8),"",VLOOKUP(D8,$AE$6:$AF$11,2,FALSE)) | R8: =IF(ISBLANK(E8),"",VLOOKUP(E8,$AH$6:$AI$11,2,FALSE)) | S8: =IF(ISBLANK(G8),"",VLOOKUP(G8,$AL$6:$AM$11,2,FALSE)) | T8: =IF(ISBLANK(J8),"",VLOOKUP(J8,$AP$6:$AQ$11,2,FALSE)) | U8: =IF(ISNUMBER(R8),VLOOKUP(R8,$AI$6:$AJ$11,2,FALSE),"") | V8: =IF(ISNUMBER(S8),VLOOKUP(S8,$AM$6:$AN$11,2,FALSE),"") | W8: =IF(AND(ISNUMBER(U8),ISNUMBER(V8)),U8*V8,"") | X8: =IF(ISNUMBER(W8),LOOKUP(W8,$AS$6:$AS$11,$AV$6:$AV$11),"") | Y8: =IF(ISNUMBER(W8),LOOKUP(W8,$AS$6:$AS$11,$AU$6:$AU$11),"") | AA8: 2024 | AB8: Pengadilan Negeri Bogor | AC8: 3 | AE8: Sektor Pengadaan Barang dan/atau Jasa | AF8: 8 | AH8: Level 2 - Jarang Terjadi | AI8: 2 | AJ8: 2 | AL8: Level 2 - Minor | AM8: 2 | AN8: 2 | AP8: Penegakan Aturan | AQ8: 2 | AS8: 6 | AT8: 11 | AU8: Level Risiko Rendah | AV8: 3 | AX8: PENGADILAN NEGERI BANTUL | AY8: 2025 | AZ8: https://smap.mahkamahagung.go.id/evaluasi/documents/evidence/2025/166/smap-evidence-51-2025-05-28-19-28-10.pdf
A9: =ROW()-5 -> 4 | C9: 2 Penunjukan Panitera Pengganti | Q9: =IF(ISBLANK(D9),"",VLOOKUP(D9,$AE$6:$AF$11,2,FALSE)) | R9: =IF(ISBLANK(E9),"",VLOOKUP(E9,$AH$6:$AI$11,2,FALSE)) | S9: =IF(ISBLANK(G9),"",VLOOKUP(G9,$AL$6:$AM$11,2,FALSE)) | T9: =IF(ISBLANK(J9),"",VLOOKUP(J9,$AP$6:$AQ$11,2,FALSE)) | U9: =IF(ISNUMBER(R9),VLOOKUP(R9,$AI$6:$AJ$11,2,FALSE),"") | V9: =IF(ISNUMBER(S9),VLOOKUP(S9,$AM$6:$AN$11,2,FALSE),"") | W9: =IF(AND(ISNUMBER(U9),ISNUMBER(V9)),U9*V9,"") | X9: =IF(ISNUMBER(W9),LOOKUP(W9,$AS$6:$AS$11,$AV$6:$AV$11),"") | Y9: =IF(ISNUMBER(W9),LOOKUP(W9,$AS$6:$AS$11,$AU$6:$AU$11),"") | AA9: 2024 | AB9: Pengadilan Negeri Wates | AC9: 2 | AE9: Sektor Pengelolaan Sumber Daya Manusia | AF9: 9 | AH9: Level 3 - Kadang Terjadi | AI9: 3 | AJ9: 3 | AL9: Level 3 - Moderat | AM9: 3 | AN9: 3 | AP9: Pemeriksaan | AQ9: 3 | AS9: 12 | AT9: 15 | AU9: Level Risiko Sedang | AV9: 4 | AX9: PENGADILAN NEGERI MOJOKERTO | AY9: 2025 | AZ9: https://smap.mahkamahagung.go.id/evaluasi/documents/evidence/2025/173/smap-evidence-51-2025-05-27-14-58-09.pdf
A10: =ROW()-5 -> 5 | C10: 3 Penunjukan Jurusita/Jurusita Pengganti | Q10: =IF(ISBLANK(D10),"",VLOOKUP(D10,$AE$6:$AF$11,2,FALSE)) | R10: =IF(ISBLANK(E10),"",VLOOKUP(E10,$AH$6:$AI$11,2,FALSE)) | S10: =IF(ISBLANK(G10),"",VLOOKUP(G10,$AL$6:$AM$11,2,FALSE)) | T10: =IF(ISBLANK(J10),"",VLOOKUP(J10,$AP$6:$AQ$11,2,FALSE)) | U10: =IF(ISNUMBER(R10),VLOOKUP(R10,$AI$6:$AJ$11,2,FALSE),"") | V10: =IF(ISNUMBER(S10),VLOOKUP(S10,$AM$6:$AN$11,2,FALSE),"") | W10: =IF(AND(ISNUMBER(U10),ISNUMBER(V10)),U10*V10,"") | X10: =IF(ISNUMBER(W10),LOOKUP(W10,$AS$6:$AS$11,$AV$6:$AV$11),"") | Y10: =IF(ISNUMBER(W10),LOOKUP(W10,$AS$6:$AS$11,$AU$6:$AU$11),"") | AA10: 2024 | AB10: Pengadilan Negeri Ambon | AC10: 1 | AE10: Sektor Perizinan | AF10: 10 | AH10: Level 4 - Sering Terjadi | AI10: 4 | AJ10: 4 | AL10: Level 4 - Signifikan | AM10: 4 | AN10: 4 | AP10: Sistem | AQ10: 4 | AS10: 16 | AT10: 19 | AU10: Level Risiko Tinggi | AV10: 6 | AX10: PENGADILAN NEGERI MOJOKERTO | AY10: 2025 | AZ10: https://smap.mahkamahagung.go.id/evaluasi/documents/evidence/2025/173/smap-evidence-51-2025-05-27-14-59-21.pdf
A11: =ROW()-5 -> 6 | C11: 4 Proses persidangan dan penjatuhan putusan | Q11: =IF(ISBLANK(D11),"",VLOOKUP(D11,$AE$6:$AF$11,2,FALSE)) | R11: =IF(ISBLANK(E11),"",VLOOKUP(E11,$AH$6:$AI$11,2,FALSE)) | S11: =IF(ISBLANK(G11),"",VLOOKUP(G11,$AL$6:$AM$11,2,FALSE)) | T11: =IF(ISBLANK(J11),"",VLOOKUP(J11,$AP$6:$AQ$11,2,FALSE)) | U11: =IF(ISNUMBER(R11),VLOOKUP(R11,$AI$6:$AJ$11,2,FALSE),"") | V11: =IF(ISNUMBER(S11),VLOOKUP(S11,$AM$6:$AN$11,2,FALSE),"") | W11: =IF(AND(ISNUMBER(U11),ISNUMBER(V11)),U11*V11,"") | X11: =IF(ISNUMBER(W11),LOOKUP(W11,$AS$6:$AS$11,$AV$6:$AV$11),"") | Y11: =IF(ISNUMBER(W11),LOOKUP(W11,$AS$6:$AS$11,$AU$6:$AU$11),"") | AA11: 2024 | AB11: Pengadilan Tata Usaha Negara Serang | AC11: 5 | AE11: Sektor Pemeriksaan/Audit | AF11: 11 | AH11: Level 5 - Hampir Pasti Terjadi | AI11: 5 | AJ11: 5 | AL11: Level 5 - Sangat Signifikan | AM11: 5 | AN11: 5 | AP11: Lain-lain | AQ11: 5 | AS11: 20 | AT11: 25 | AU11: Level Risiko Sangat Tinggi | AV11: 5 | AX11: PENGADILAN NEGERI MOJOKERTO | AY11: 2025 | AZ11: https://smap.mahkamahagung.go.id/evaluasi/documents/evidence/2025/173/smap-evidence-51-2025-05-27-15-00-01.pdf
A12: =ROW()-5 -> 7 | C12: 5 Proses Penyelesaian Perkara Pidana Anak Diversi Berhasil | Q12: =IF(ISBLANK(D12),"",VLOOKUP(D12,$AE$6:$AF$11,2,FALSE)) | R12: =IF(ISBLANK(E12),"",VLOOKUP(E12,$AH$6:$AI$11,2,FALSE)) | S12: =IF(ISBLANK(G12),"",VLOOKUP(G12,$AL$6:$AM$11,2,FALSE)) | T12: =IF(ISBLANK(J12),"",VLOOKUP(J12,$AP$6:$AQ$11,2,FALSE)) | U12: =IF(ISNUMBER(R12),VLOOKUP(R12,$AI$6:$AJ$11,2,FALSE),"") | V12: =IF(ISNUMBER(S12),VLOOKUP(S12,$AM$6:$AN$11,2,FALSE),"") | W12: =IF(AND(ISNUMBER(U12),ISNUMBER(V12)),U12*V12,"") | X12: =IF(ISNUMBER(W12),LOOKUP(W12,$AS$6:$AS$11,$AV$6:$AV$11),"") | Y12: =IF(ISNUMBER(W12),LOOKUP(W12,$AS$6:$AS$11,$AU$6:$AU$11),"") | AA12: 2024 | AB12: Pengadilan Tata Usaha Negara Tanjung Pinang | AC12: 4 | AE12: Sektor Lainnya | AF12: 12 | AX12: PENGADILAN NEGERI PALANGKARAYA | AY12: 2025 | AZ12: https://drive.google.com/drive/folders/1j1y6lO0-SM7ychhmwCn5Byh4kOtxSQ-I?usp=share_link
A13: =ROW()-5 -> 8 | C13: 6 Proses Penyelesaian Perkara Pidana Anak Diversi Gagal | Q13: =IF(ISBLANK(D13),"",VLOOKUP(D13,$AE$6:$AF$11,2,FALSE)) | R13: =IF(ISBLANK(E13),"",VLOOKUP(E13,$AH$6:$AI$11,2,FALSE)) | S13: =IF(ISBLANK(G13),"",VLOOKUP(G13,$AL$6:$AM$11,2,FALSE)) | T13: =IF(ISBLANK(J13),"",VLOOKUP(J13,$AP$6:$AQ$11,2,FALSE)) | U13: =IF(ISNUMBER(R13),VLOOKUP(R13,$AI$6:$AJ$11,2,FALSE),"") | V13: =IF(ISNUMBER(S13),VLOOKUP(S13,$AM$6:$AN$11,2,FALSE),"") | W13: =IF(AND(ISNUMBER(U13),ISNUMBER(V13)),U13*V13,"") | X13: =IF(ISNUMBER(W13),LOOKUP(W13,$AS$6:$AS$11,$AV$6:$AV$11),"") | Y13: =IF(ISNUMBER(W13),LOOKUP(W13,$AS$6:$AS$11,$AU$6:$AU$11),"") | AA13: 2024 | AB13: Pengadilan Tata Usaha Negara Manado | AC13: 3 | AX13: PENGADILAN MILITER II-09 BANDUNG | AY13: 2025 | AZ13: https://drive.google.com/drive/folders/1YjWTR6gRKUnfYh64R8aOjFco2G7vHlJK?usp=sharing
A14: =ROW()-5 -> 9 | C14: 7 Upaya Hukum ( Banding, Kasasi, Peninjauan Kembali) | Q14: =IF(ISBLANK(D14),"",VLOOKUP(D14,$AE$6:$AF$11,2,FALSE)) | R14: =IF(ISBLANK(E14),"",VLOOKUP(E14,$AH$6:$AI$11,2,FALSE)) | S14: =IF(ISBLANK(G14),"",VLOOKUP(G14,$AL$6:$AM$11,2,FALSE)) | T14: =IF(ISBLANK(J14),"",VLOOKUP(J14,$AP$6:$AQ$11,2,FALSE)) | U14: =IF(ISNUMBER(R14),VLOOKUP(R14,$AI$6:$AJ$11,2,FALSE),"") | V14: =IF(ISNUMBER(S14),VLOOKUP(S14,$AM$6:$AN$11,2,FALSE),"") | W14: =IF(AND(ISNUMBER(U14),ISNUMBER(V14)),U14*V14,"") | X14: =IF(ISNUMBER(W14),LOOKUP(W14,$AS$6:$AS$11,$AV$6:$AV$11),"") | Y14: =IF(ISNUMBER(W14),LOOKUP(W14,$AS$6:$AS$11,$AU$6:$AU$11),"") | AA14: 2025 | AB14: Pengadilan Negeri Palangkaraya | AC14: 2 | AX14: PENGADILAN AGAMA JAKARTA UTARA | AY14: 2025 | AZ14: https://drive.google.com/drive/folders/1zHGDut1INVfVxetNXdypAP2GADRJtqbW?usp=drive_link
A15: =ROW()-5 -> 10 | C15: 8 Proses Pengiriman Putusan atas Upaya Hukum (Banding, Kasasi, Peninjauan Kembali) kepada para pihak | Q15: =IF(ISBLANK(D15),"",VLOOKUP(D15,$AE$6:$AF$11,2,FALSE)) | R15: =IF(ISBLANK(E15),"",VLOOKUP(E15,$AH$6:$AI$11,2,FALSE)) | S15: =IF(ISBLANK(G15),"",VLOOKUP(G15,$AL$6:$AM$11,2,FALSE)) | T15: =IF(ISBLANK(J15),"",VLOOKUP(J15,$AP$6:$AQ$11,2,FALSE)) | U15: =IF(ISNUMBER(R15),VLOOKUP(R15,$AI$6:$AJ$11,2,FALSE),"") | V15: =IF(ISNUMBER(S15),VLOOKUP(S15,$AM$6:$AN$11,2,FALSE),"") | W15: =IF(AND(ISNUMBER(U15),ISNUMBER(V15)),U15*V15,"") | X15: =IF(ISNUMBER(W15),LOOKUP(W15,$AS$6:$AS$11,$AV$6:$AV$11),"") | Y15: =IF(ISNUMBER(W15),LOOKUP(W15,$AS$6:$AS$11,$AU$6:$AU$11),"") | AA15: 2025 | AB15: Pengadilan Negeri Pontianak | AC15: 1
A16: =ROW()-5 -> 11 | C16: 9 Permintaan Permohonan Perpanjangan Penahananan oleh PU Berdasarkan Pasal 25 KUHAP | Q16: =IF(ISBLANK(D16),"",VLOOKUP(D16,$AE$6:$AF$11,2,FALSE)) | R16: =IF(ISBLANK(E16),"",VLOOKUP(E16,$AH$6:$AI$11,2,FALSE)) | S16: =IF(ISBLANK(G16),"",VLOOKUP(G16,$AL$6:$AM$11,2,FALSE)) | T16: =IF(ISBLANK(J16),"",VLOOKUP(J16,$AP$6:$AQ$11,2,FALSE)) | U16: =IF(ISNUMBER(R16),VLOOKUP(R16,$AI$6:$AJ$11,2,FALSE),"") | V16: =IF(ISNUMBER(S16),VLOOKUP(S16,$AM$6:$AN$11,2,FALSE),"") | W16: =IF(AND(ISNUMBER(U16),ISNUMBER(V16)),U16*V16,"") | X16: =IF(ISNUMBER(W16),LOOKUP(W16,$AS$6:$AS$11,$AV$6:$AV$11),"") | Y16: =IF(ISNUMBER(W16),LOOKUP(W16,$AS$6:$AS$11,$AU$6:$AU$11),"") | AA16: 2025 | AB16: Pengadilan Negeri Bandung | AC16: 5
C17: 10 Penetapan Penahanan oleh Majelis Hakim | AA17: 2025 | AB17: Pengadilan Negeri Klaten | AC17: 4
C18: 11 Permohonan Izin/Persetujuan Besuk | AA18: 2025 | AB18: Pengadilan Negeri Tulungagung | AC18: 3
C19: 12 Permohonan Pengalihan Penahanan | AA19: 2025 | AB19: Pengadilan Negeri Mojokerto | AC19: 2
C20: 13 Permohonan Penangguhan Penahanan | AA20: 2025 | AB20: Pengadilan Negeri Semarang | AC20: 1
C21: 14 Proses permohonan izin/persetujuan penggeledahan & Penyitaan | AA21: 2025 | AB21: Pengadilan Negeri Malang | AC21: 5
C22: 15 Izin Pembantaran Penahanan | AA22: 2025 | AB22: Pengadilan Negeri Banyuwangi | AC22: 4
C23: 16 Pencabutan Permohonan Upaya Hukum (Banding, Kasasi, Peninjuaun Kembali) | AA23: 2025 | AB23: Pengadilan Negeri Tasikmalaya Klas 1A | AC23: 3
C24: 17 Permohonan Pinjam Pakai Barang Bukti | AA24: 2025 | AB24: Pengadilan Negeri Bantul | AC24: 2
C25: 18 Permohonan Izin Berobat Tahanan | AA25: 2025 | AB25: Pengadilan Agama Magelang | AC25: 1
C26: 19 Proses penyelesaian perkara pelanggaran lalu lintas | AA26: 2025 | AB26: Pengadilan Agama Banjarmasin Kelas IA | AC26: 5
C27: 20 Proses penyerahan salinan putusan | AA27: 2025 | AB27: Pengadilan Agama Jakarta Selatan | AC27: 4
C28: 1 Eksekusi | AA28: 2025 | AB28: Pengadilan Agama Tangerang | AC28: 3
... C35: 8 Pemeriksaan setempat | AA35: 2025 | AB35: Pengadilan Tata Usaha Negara Yogyakarta | AC35: 1
C36: 9 Putusan perkara gugatan/ permohonan/ bantahan perdata/ gugatan sederhana
C37: 10 Penetapan permohonan konsinyasi/ pengadaan tanah untuk kepentingan umum
C38: 11 Sita jaminan/ eksekusi/ marital
C39: 12 Salinan putusan/ penetapan (gugatan/ permohonan bantahan perdata/ gugatan sederhana)
C40: 14 Upaya hukum (banding/kasasi/peninjau an kembali)
C41: 15 Pengembalian sisa panjar biaya perkara
C42: 16 Eksekusi
C43: 17 Konsinyasi
C44: 2 Pendaftaran Surat Kuasa Khusus
C45: 3 Pendaftaran Surat Ijin Kuasa Insidentil
C46: 4 Surat Keterangan Tidak Tersangkut Perkara
C47: 5 Legalisasi Surat Akta Di Bawah Tangan (Waarmeking)
... C65: 5 Tata kelola Pelantikan dan alih tugas pejabat dan aparatur Pengadilan

Sheet Matriks Risiko UPG KPK 5x5
A1: PETA RISIKO UPG MAHKAMAH AGUNG
A2: Peta Risiko Gratifikasi — kombinasi Probabilitas x Dampak, dibedah dari formula Level Risiko pada sheet Risk Register 2026
D4: TINGKAT DAMPAK
D5: =1 -> 1 | E5: =2 -> 2 | F5: =3 -> 3 | G5: =4 -> 4 | H5: =5 -> 5
D6: ='Risk Register 2026'!AL6 -> Level 1 - Tidak Signifikan | E6: ='Risk Register 2026'!AL8 -> Level 2 - Minor | F6: ='Risk Register 2026'!AL9 -> Level 3 - Moderat | G6: ='Risk Register 2026'!#REF! -> #REF! | H6: ='Risk Register 2026'!#REF! -> #REF!
A7: TINGKAT PROBABILITAS | B7: =5 -> 5 | C7: ='Risk Register 2026'!AH6 -> Level 1 - Hampir Tidak Terjadi | D7: =$B7*D$5 -> 5 | E7: =$B7*E$5 -> 10 | F7: =$B7*F$5 -> 15 | G7: =$B7*G$5 -> 20 | H7: =$B7*H$5 -> 25
B8: =4 -> 4 | C8: ='Risk Register 2026'!AH8 -> Level 2 - Jarang Terjadi | D8: =$B8*D$5 -> 4 | E8: =$B8*E$5 -> 8 | F8: =$B8*F$5 -> 12 | G8: =$B8*G$5 -> 16 | H8: =$B8*H$5 -> 20
B9: =3 -> 3 | C9: ='Risk Register 2026'!AH9 -> Level 3 - Kadang Terjadi | D9: =$B9*D$5 -> 3 | E9: =$B9*E$5 -> 6 | F9: =$B9*F$5 -> 9 | G9: =$B9*G$5 -> 12 | H9: =$B9*H$5 -> 15
B10: =2 -> 2 | C10: ='Risk Register 2026'!AH8 -> Level 2 - Jarang Terjadi | D10: =$B10*D$5 -> 2 | E10: =$B10*E$5 -> 4 | F10: =$B10*F$5 -> 6 | G10: =$B10*G$5 -> 8 | H10: =$B10*H$5 -> 10
B11: =1 -> 1 | C11: ='Risk Register 2026'!AH6 -> Level 1 - Hampir Tidak Terjadi | D11: =$B11*D$5 -> 1 | E11: =$B11*E$5 -> 2 | F11: =$B11*F$5 -> 3 | G11: =$B11*G$5 -> 4 | H11: =$B11*H$5 -> 5
A13: Legenda: | C13: Sangat Rendah (1–5)
C14: Rendah (6–11)
C15: Sedang (12–15)
C16: Tinggi (16–19)
C17: Sangat Tinggi (20–25)
A19: JUMLAH RISIKO TERISI PER SEL (dari Risk Register 2026)
D21: =D5 -> 1 | E21: =E5 -> 2 | F21: =F5 -> 3 | G21: =G5 -> 4 | H21: =H5 -> 5
B22: =B7 -> 5 | D22: =COUNTIFS('Risk Register 2026'!$V$6:$V$11,D$21,'Risk Register 2026'!$U$6:$U$11,$B22) -> 0 | E22: =COUNTIFS('Risk Register 2026'!$V$6:$V$11,E$21,'Risk Register 2026'!$U$6:$U$11,$B22) -> 0 | F22: =COUNTIFS('Risk Register 2026'!$V$6:$V$11,F$21,'Risk Register 2026'!$U$6:$U$11,$B22) -> 0 | G22: =COUNTIFS('Risk Register 2026'!$V$6:$V$11,G$21,'Risk Register 2026'!$U$6:$U$11,$B22) -> 0 | H22: =COUNTIFS('Risk Register 2026'!$V$6:$V$11,H$21,'Risk Register 2026'!$U$6:$U$11,$B22) -> 0
B23: =B8 -> 4 | D23: =COUNTIFS('Risk Register 2026'!$V$6:$V$11,D$21,'Risk Register 2026'!$U$6:$U$11,$B23) -> 0 | E23: =COUNTIFS('Risk Register 2026'!$V$6:$V$11,E$21,'Risk Register 2026'!$U$6:$U$11,$B23) -> 0 | F23: =COUNTIFS('Risk Register 2026'!$V$6:$V$11,F$21,'Risk Register 2026'!$U$6:$U$11,$B23) -> 0 | G23: =COUNTIFS('Risk Register 2026'!$V$6:$V$11,G$21,'Risk Register 2026'!$U$6:$U$11,$B23) -> 0 | H23: =COUNTIFS('Risk Register 2026'!$V$6:$V$11,H$21,'Risk Register 2026'!$U$6:$U$11,$B23) -> 0
B24: =B9 -> 3 | D24: =COUNTIFS('Risk Register 2026'!$V$6:$V$11,D$21,'Risk Register 2026'!$U$6:$U$11,$B24) -> 0 | E24: =COUNTIFS('Risk Register 2026'!$V$6:$V$11,E$21,'Risk Register 2026'!$U$6:$U$11,$B24) -> 0 | F24: =COUNTIFS('Risk Register 2026'!$V$6:$V$11,F$21,'Risk Register 2026'!$U$6:$U$11,$B24) -> 1 | G24: =COUNTIFS('Risk Register 2026'!$V$6:$V$11,G$21,'Risk Register 2026'!$U$6:$U$11,$B24) -> 0 | H24: =COUNTIFS('Risk Register 2026'!$V$6:$V$11,H$21,'Risk Register 2026'!$U$6:$U$11,$B24) -> 0
B25: =B10 -> 2 | D25: =COUNTIFS('Risk Register 2026'!$V$6:$V$11,D$21,'Risk Register 2026'!$U$6:$U$11,$B25) -> 1 | E25: =COUNTIFS('Risk Register 2026'!$V$6:$V$11,E$21,'Risk Register 2026'!$U$6:$U$11,$B25) -> 1 | F25: =COUNTIFS('Risk Register 2026'!$V$6:$V$11,F$21,'Risk Register 2026'!$U$6:$U$11,$B25) -> 1 | G25: =COUNTIFS('Risk Register 2026'!$V$6:$V$11,G$21,'Risk Register 2026'!$U$6:$U$11,$B25) -> 0 | H25: =COUNTIFS('Risk Register 2026'!$V$6:$V$11,H$21,'Risk Register 2026'!$U$6:$U$11,$B25) -> 0
B26: =B11 -> 1 | D26: =COUNTIFS('Risk Register 2026'!$V$6:$V$11,D$21,'Risk Register 2026'!$U$6:$U$11,$B26) -> 0 | E26: =COUNTIFS('Risk Register 2026'!$V$6:$V$11,E$21,'Risk Register 2026'!$U$6:$U$11,$B26) -> 2 | F26: =COUNTIFS('Risk Register 2026'!$V$6:$V$11,F$21,'Risk Register 2026'!$U$6:$U$11,$B26) -> 0 | G26: =COUNTIFS('Risk Register 2026'!$V$6:$V$11,G$21,'Risk Register 2026'!$U$6:$U$11,$B26) -> 0 | H26: =COUNTIFS('Risk Register 2026'!$V$6:$V$11,H$21,'Risk Register 2026'!$U$6:$U$11,$B26) -> 0

Sheet Kriteria Penilaian
A2: KRITERIA PENILAIAN RISIKO
A4: A. SKALA LIKELIHOOD (KEMUNGKINAN)
A5: No. | B5: Level Kemungkinan | C5: Nilai | D5: Persentase dalam 1 tahun | E5: Jumlah frekuensi dalam 1 tahun
A6: 1 | B6: Hampir tidak terjadi | C6: 1 | D6: 0% < x ≤ 10% | E6: sangat jarang: < 2 kali
A7: =A6+1 -> 2 | B7: Jarang terjadi | C7: 2 | D7: 10% < x ≤ 30% | E7: jarang: 2 kali s.d. 5 kali
A8: =A7+1 -> 3 | B8: Kadang terjadi | C8: 3 | D8: 30% < x ≤ 50% | E8: cukup sering: 6 s.d. 9 kali
A9: =A8+1 -> 4 | B9: Sering terjadi | C9: 4 | D9: 50% < x ≤ 90% | E9: sering: 10 kali s.d. 12 kali
A10: =A9+1 -> 5 | B10: Hampir pasti terjadi | C10: 5 | D10: 90% < x < 100% | E10: sangat sering: > 12 kali
A12: B. SKALA IMPACT (DAMPAK)
A13: No. | B13: Area Dampak | C13: Sangat Rendah (1) | D13: Rendah (2) | E13: Sedang (3) | F13: Tinggi (4) | G13: Sangat Tinggi (5)
A14: 1 | B14: Kerugian Keuangan Negara dan Pihak Ketiga | C14: ≤0,01% dari total anggaran non Belanja Pegawai pada unit Pemilik Risiko | D14: >0,01% - 0,1% dari total anggaran non Belanja Pegawai pada unit Pemilik Risiko | E14: >0,1% - 1% dari total anggaran non Belanja Pegawai pada unit Pemilik Risiko | F14: >1% - 5% dari total anggaran non Belanja Pegawai pada unit Pemilik Risiko | G14: >5% dari total anggaran non Belanja Pegawai pada unit Pemilik Risiko
A15: =A14+1 -> 2 | B15: Penurunan Reputasi | C15: Jumlah keluhan pemangku kepentingan (stakeholder) <10 | D15: Jumlah keluhan pemangku kepentingan (stakeholder) sebanyak 10 s.d 20 | E15: Jumlah keluhan pemangku kepentingan (stakeholder) >20 | F15: Pemberitaan negatif di media lokal dan media sosial yang sesuai fakta | G15: Pemberitaan negatif di media massa nasional dan atau media massa internasional
A16: =A15+1 -> 3 | B16: Kesehatan dan Keselamatan Kerja | C16: Tidak berbahaya | D16: Gangguan kesehatan fisik ringan (mampu bekerja pada hari yang sama) | E16: Gangguan kesehatan fisik dan/atau mental sedang (tidak mampu melaksanakan tugas >1 hari s/d 3 minggu) | F16: Gangguan kesehatan fisik dan/atau mental berat (tidak mampu melaksanakan tugas >3 minggu atau mengakibatkan cacat tetap atau gangguan jiwa permanen) | G16: Kejadian fatal/kematian
A17: =A16+1 -> 4 | B17: Realisasi Capaian Kinerja Sasaran Strategis | C17: 100% > Capaian IKU > 97% | D17: 97% > Capaian IKU > 92% | E17: 92% > Capaian IKU > 87% | F17: 87% > Capaian IKU > 80% | G17: 80% > Capaian IKU > 70%
A18: =A17+1 -> 5 | B18: Temuan hasil pemeriksaan BPK dan hasil pengawasan Badan Pengawasan | C18: Tidak ada temuan pengembalian uang ke kas negara dan penyimpangan material | D18: Ada temuan pengembalian uang ke kas negara dan/atau penyimpangan s/d 0,1% dari total anggaran | E18: Ada temuan pengembalian uang ke kas negara dan/atau penyimpangan >0,1% - 1% dari total anggaran | F18: Ada temuan pengembalian uang ke kas negara dan/atau penyimpangan | G18: Temuan hasil pemeriksaan BPK dan hasil pengawasan Badan Pengawasan
A19: =A18+1 -> 6 | B19: Gangguan terhadap Layanan Tusi Organisasi | C19: Layanan terganggu maksimal 1 jam | D19: Layanan terganggu maksimal 1 – 2,5 jam | E19: Layanan terganggu maksimal 2,5 - 5 jam | F19: Layanan terganggu maksimal 5 – 7,5 jam | G19: Layanan terganggu maksimal 1 hari kerja

Sheet Matriks Risiko 5x5 MA RI
A2: MATRIKS RISIKO 5x5
A3: A. Peta
A4: Matriks Analisis Risiko 5 x 5 | C4: Tingkat Dampak
C5: 1 | D5: 2 | E5: 3 | F5: 4 | G5: 5
C6: Sangat Rendah | D6: Rendah | E6: Sedang | F6: Tinggi | G6: Sangat Tinggi
A7: 5 | B7: Hampir pasti terjadi | C7: 9 | D7: 15 | E7: 18 | F7: 23 | G7: 25
A8: 4 | B8: Kemungkinan besar terjadi | C8: 6 | D8: 12 | E8: 16 | F8: 19 | G8: 24
A9: 3 | B9: Mungkin terjadi | C9: 4 | D9: 8 | E9: 14 | F9: 17 | G9: 22
A10: 2 | B10: Kemungkinan kecil terjadi | C10: 2 | D10: 7 | E10: 10 | F10: 13 | G10: 21
A11: 1 | B11: Kemungkinan tidak terjadi | C11: 1 | D11: 3 | E11: 5 | F11: 11 | G11: 20
A13: B. Status Risiko
A14: Status Risiko | B14: Level Risiko | C14: Besaran risiko | D14: Warna
A15: Sangat Tinggi | B15: 5 | C15: 20 s.d 25 | D15: Merah
A16: Tinggi | B16: 4 | C16: 16 s.d 19 | D16: Orange
A17: Moderat | B17: 3 | C17: 11 s.d 15 | D17: Kuning
A18: Rendah | B18: 2 | C18: 6 s.d 10 | D18: Hijau
A19: Sangat Rendah | B19: 1 | C19: 1 s.d 5 | D19: Biru

Sheet Kategori Risiko
A2: MASTER KATEGORI RISIKO
A4: Kode | B4: Kategori Risiko | C4: Definisi
A5: STR | B5: Risiko Strategis | C5: Risiko yang dapat menghambat organisasi mencapai tujuan jangka panjangnya, baik karena keputusan strategis yang salah maupun karena kegagalan beradaptasi dengan perubahan internal dan eksternal yang dapat berdampak signifikan pada arah dan keberlangsungan organisasi. Risiko Strategis hanya terdapat pada Pemilik Risiko Tingkat Lembaga Mahkamah Agung dan Eselon I.
A6: KBJ | B6: Risiko Kebijakan | C6: Risiko yang berkaitan dengan ketidaktepatan perumusan dan penetapan kebijakan internal maupun eksternal organisasi.
A7: KCR | B7: Risiko Kecurangan | C7: Risiko yang berkaitan dengan perbuatan yang mengandung unsur kesengajaan, niat, menguntungkan diri sendiri atau orang lain, penipuan, penggelapan, dan penyalahgunaan wewenang yang bertujuan untuk memperoleh keuntungan secara tidak sah yang dapat berupa uang, barang/harta, jasa, dan tidak membayar jasa, yang dilakukan oleh satu individu atau lebih di lingkungan organisasi.
A8: BNC | B8: Risiko Bencana | C8: Risiko yang berkaitan dengan potensi terjadinya peristiwa atau rangkaian peristiwa yang mengancam dan mengganggu layanan peradilan yang disebabkan oleh: faktor alam, dan/atau faktor non alam (antara lain faktor manusia dan kegagalan sistem teknologi informasi).
A9: KEP | B9: Risiko Kepatuhan | C9: Risiko yang berkaitan dengan ketidakpatuhan terhadap peraturan perundang-undangan, kesepakatan internasional, atau ketentuan lain yang berlaku.
A10: OPR | B10: Risiko Operasional | C10: Risiko yang berkaitan dengan tidak berfungsinya proses bisnis Mahkamah Agung, sistem informasi, atau keselamatan kerja individu.
A11: MTR | B11: Risiko Kemitraan | C11: Risiko yang berkaitan dengan pola hubungan antar unit kerja di dalam organisasi, dan antara organisasi dengan pihak eksternal.

Sheet Control Library
A2: KATALOG KONTROL STANDAR
A4: ID Kontrol | B4: Nama Kontrol | C4: Jenis Kontrol | D4: Deskripsi
A5: C-001 | B5: Optimalisasi Aplikasi Antrian Elektronik dan Buku Tamu Digital | C5: Preventive | D5: Mengganti sistem pencatatan tamu dan antrian manual dengan optimalisasi aplikasi buku tamu dan antrian online yang dapat diakses publik. Sistem yang terotomatisasi secara rigid ini bertujuan untuk mencegah atau menekan peluang interaksi tawar-menawar antara pengunjung dan petugas di lini depan. Hal ini menutup celah bagi petugas keamanan atau resepsionis untuk memanipulasi, menyelipkan, atau mendahulukan pihak tertentu.
A6: C-002 | B6: Approval Process | C6: Preventive | D6: Proses persetujuan berjenjang untuk transaksi/keputusan penting
A7: C-003 | B7: Dual Control | C7: Preventive | D7: Dua orang diperlukan untuk menyelesaikan transaksi kritis
A8: C-004 | B8: Access Control | C8: Preventive | D8: Pembatasan akses sistem berdasarkan role dan need-to-know
A9: C-005 | B9: Regular Backup | C9: Corrective | D9: Backup data secara berkala (harian/mingguan)
A10: C-006 | B10: Disaster Recovery Plan | C10: Corrective | D10: Rencana pemulihan sistem dan data saat terjadi bencana
A11: C-007 | B11: Monitoring & Logging | C11: Detective | D11: Pencatatan dan pemantauan aktivitas sistem secara real-time
A12: C-008 | B12: Reconciliation | C12: Detective | D12: Rekonsiliasi data secara berkala untuk mendeteksi ketidaksesuaian
A13: C-009 | B13: Internal Audit | C13: Detective | D13: Audit internal berkala oleh APIP
A14: C-010 | B14: Training & Awareness | C14: Preventive | D14: Pelatihan rutin untuk meningkatkan kompetensi dan kesadaran
A15: C-011 | B15: Standard Operating Procedure | C15: Preventive | D15: Prosedur kerja standar yang terdokumentasi
... A19: C-015 | B19: Insurance | C19: Transfer | D19: Asuransi untuk mengalihkan risiko finansial

Sheet Contoh Pengisian
A1: CONTOH PENGISIAN PUSTAKA RISIKO (REFERENSI)
A2: ID Risiko | B2: Kategori Risiko | C2: Nama Risiko | D2: Pernyataan Risiko (Penyebab → Peristiwa → Dampak) | E2: Penyebab Utama | F2: Dampak Potensial | G2: Sasaran Strategis Terkait | H2: Likelihood (Inherent) | I2: Impact (Inherent) | J2: Skor Risiko (Inherent) | K2: Level Risiko (Inherent) | L2: Kontrol yang Direkomendasikan | M2: Efektivitas Kontrol Target | N2: Likelihood (Residual Target) | O2: Impact (Residual Target) | P2: Skor Risiko (Residual Target) | Q2: Level Risiko (Residual Target) | R2: Strategi Treatment | S2: Rencana Aksi Mitigasi | T2: PIC/Risk Owner | U2: Catatan
A3: R-001 | B3: Risiko SPBE | C3: Kegagalan Sistem Informasi Pelayanan Publik | D3: [Karena kurangnya maintenance rutin dan tidak adanya redundant server] menyebabkan [Kegagalan sistem informasi pelayanan publik] sehingga mengakibatkan [Layanan publik terhenti, masyarakat tidak dapat mengakses layanan, dan reputasi instansi menurun] | E3: Kurangnya maintenance rutin; Tidak ada redundant server; SDM IT terbatas | F3: Layanan publik terhenti; Keluhan masyarakat meningkat; Pemberitaan negatif; Kerugian finansial | G3: Meningkatkan Kepuasan Layanan Publik (IKU 1.1) | H3: 4 | I3: 4 | J3: 16 | K3: Tinggi | L3: Maintenance rutin bulanan; Backup data mingguan; Implementasi redundant server; Disaster Recovery Plan | M3: Efektif | N3: 2 | O3: 3 | P3: 6 | Q3: Sedang | R3: Mitigate + Transfer | S3: 1) Implementasi redundant server (6 bulan); 2) Penyusunan DRP (3 bulan); 3) Asuransi cyber (2 bulan) | T3: Kepala Bagian IT | U3: Prioritas tinggi, butuh dukungan anggaran
A4: R-002 | B4: Risiko Fraud | C4: Penyalahgunaan Dana Bantuan Sosial | D4: [Karena lemahnya verifikasi penerima bantuan dan tidak adanya monitoring distribusi] menyebabkan [Penyalahgunaan dana bantuan sosial oleh oknum] sehingga mengakibatkan [Kerugian negara, bantuan tidak tepat sasaran, dan potensi tuntutan hukum] | E4: Lemahnya verifikasi data penerima; Tidak ada monitoring distribusi; Kurangnya transparansi | F4: Kerugian negara; Bantuan tidak tepat sasaran; Investigasi KPK/Kejaksaan; Sanksi pidana | G4: Penyaluran Bantuan Sosial Tepat Sasaran (IKU 2.3) | H4: 3 | I4: 5 | J4: 15 | K4: Ekstrem | L4: Verifikasi data by name by address; Sistem informasi terintegrasi; Monitoring distribusi real-time; Audit berkala | M4: Efektif | N4: 2 | O4: 3 | P4: 6 | Q4: Sedang | R4: Mitigate | S4: 1) Implementasi sistem verifikasi terintegrasi (4 bulan); 2) Pelatihan petugas (2 bulan); 3) Audit triwulanan | T4: Kepala Dinas Sosial | U4: Koordinasi dengan Kemensos untuk sistem terintegrasi
A5: R-003 | B5: Risiko Kepatuhan | C5: Keterlambatan Penyampaian Laporan Keuangan | D5: [Karena keterbatasan SDM keuangan dan sistem pelaporan manual] menyebabkan [Keterlambatan penyampaian laporan keuangan] sehingga mengakibatkan [Temuan BPK, opini tidak wajar, dan sanksi administratif] | E5: Keterbatasan SDM; Sistem pelaporan manual; Kurangnya koordinasi antar unit | F5: Temuan BPK; Opini tidak wajar; Sanksi administratif; Reputasi buruk | G5: Mendapatkan Opini WTP dari BPK (IKU 3.1) | H5: 4 | I5: 3 | J5: 12 | K5: Tinggi | L5: Rekrutmen SDM; Implementasi sistem keuangan terintegrasi; SOP pelaporan; Reminder system | M5: Efektif | N5: 2 | O5: 2 | P5: 4 | Q5: Sedang | R5: Mitigate | S5: 1) Rekrutmen 2 staf keuangan (3 bulan); 2) Implementasi SIMDA (6 bulan); 3) Penyusunan SOP (1 bulan) | T5: Kepala Bagian Keuangan | U5: Koordinasi dengan BKD untuk rekrutmen

Sheet Worksheet (GOL)
A1: # | B1: nama | C1: nik | D1: jabatan | E1: satker | F1: nomor_laporan | G1: jenis_penerimaan | H1: tanggal_penerimaan | I1: uraian_jenis_objek_gratifikasi | J1: nilai_penetapan | K1: nama_pemberi | L1: tanggal_lapor_kpk | M1: status_penetapan | N1: nomor_sk | O1: nama_instansi | P1: nama_sub_unit_kerja | Q1: nama_unit_kerja | S1: Kelompok Jabatan | T1: Kategori Objek | U1: Skenario Gratifikasi | V1: Tahun Penerimaan | W1: Tipe Pemberi | X1: Bulan Penerimaan | Y1: Kegiatan dari Uraian | Z1: Dugaan dari Relasi/Momen | AA1: Dugaan Kegiatan/Momen (final)
A2: 1 | B2: SUGIYANTO | C2: 3318102411670001 | D2: Sekretaris Mahkamah Agung | E2: / | G2: Penerimaan | H2: 2023-04-18 | I2: parsel harvest (cake) dan kue2 kering serta minuman | K2: an. Pimpinan Bank BSI Cabang Gedung Sekretariat MA RI | L2: 2025-02-27 00:00:00 | O2: Mahkamah Agung | S2: {=IF(TRIM($D2)="","(tidak diisi)",IFERROR(INDEX(Kamus!$B$3:$B$28,MATCH(TRUE,ISNUMBER(SEARCH(Kamus!$A$3:$A$28,$D2)),0)),"Jabatan Lainnya"))} -> Sekretaris | T2: {=IF(TRIM($I2)="","(tidak diisi)",IFERROR(INDEX(Kamus!$E$3:$E$162,MATCH(TRUE,ISNUMBER(SEARCH(Kamus!$D$3:$D$162,$I2)),0)),"Barang Lain / Tidak Terinci"))} -> Makanan & Minuman | U2: {=IF(TRIM($I2)="","(tidak diisi)",IFERROR(INDEX(Kamus!$H$3:$H$75,MATCH(TRUE,ISNUMBER(SEARCH(Kamus!$G$3:$G$75,$I2)),0)),"Pemberian Umum / Tanpa Konteks"))} -> Parsel/Bingkisan Umum (non-hari raya) | V2: =IF($H2="","(tidak diisi)",IF(ISNUMBER($H2),TEXT(YEAR($H2),"0"),LEFT($H2,4))) -> 2023 | W2: {=IF(TRIM($K2)="","(tidak diisi)",IFERROR(INDEX(Kamus!$K$3:$K$118,MATCH(TRUE,ISNUMBER(SEARCH(Kamus!$J$3:$J$118,$K2)),0)),"Individu / Perorangan"))} -> Bank & Lembaga Keuangan | X2: =IF($H2="","(tidak diisi)",IF(ISNUMBER($H2),TEXT(MONTH($H2),"00"),MID($H2,6,2))) -> 04 | Y2: {=IFERROR(INDEX(Kamus!$N$3:$N$111,MATCH(TRUE,ISNUMBER(SEARCH(Kamus!$M$3:$M$111,$I2)),0)),"")} | Z2: =IF(AND(OR($X2="02",$X2="03",$X2="04"),OR($T2="Parsel/Bingkisan (tidak dirinci)",$T2="Makanan & Minuman",$T2="Peralatan Rumah Tangga / Pecah Belah",$T2="Pakaian & Kain")),"Momen Hari Raya (dugaan musiman)",IFERROR(VLOOKUP($W2,Kamus!$P$3:$Q$14,2,FALSE),"Tidak Teridentifikasi")) -> Momen Hari Raya (dugaan musiman) | AA2: =IF($Y2="",$Z2,$Y2) -> Momen Hari Raya (dugaan musiman)
A3: 2 | B3: Danang Prasetyo Nugroho | C3: 3373023005850007 | D3: Panitera Pengganti | E3: Pengadilan Tinggi Agama Semarang/Pengadilan Agama Ambarawa | F3: G013-202501-013022-BIG | G3: Penerimaan | H3: 2025-01-02 | I3: Uang | J3: 245000 | K3: Ismail fahmi | L3: 2025-01-02 17:28:46 | M3: TIDAK WAJIB LAPOR | O3: Mahkamah Agung | P3: Pengadilan Agama Ambarawa | Q3: Pengadilan Tinggi Agama Semarang | S3: {=IF(TRIM($D3)="","(tidak diisi)",IFERROR(INDEX(Kamus!$B$3:$B$28,MATCH(TRUE,ISNUMBER(SEARCH(Kamus!$A$3:$A$28,$D3)),0)),"Jabatan Lainnya"))} -> Panitera | T3: {=IF(TRIM($I3)="","(tidak diisi)",IFERROR(INDEX(Kamus!$E$3:$E$162,MATCH(TRUE,ISNUMBER(SEARCH(Kamus!$D$3:$D$162,$I3)),0)),"Barang Lain / Tidak Terinci"))} -> Uang & Setara Uang | U3: {=IF(TRIM($I3)="","(tidak diisi)",IFERROR(INDEX(Kamus!$H$3:$H$75,MATCH(TRUE,ISNUMBER(SEARCH(Kamus!$G$3:$G$75,$I3)),0)),"Pemberian Umum / Tanpa Konteks"))} -> Pemberian Uang Langsung | V3: =IF($H3="","(tidak diisi)",IF(ISNUMBER($H3),TEXT(YEAR($H3),"0"),LEFT($H3,4))) -> 2025 | W3: {=IF(TRIM($K3)="","(tidak diisi)",IFERROR(INDEX(Kamus!$K$3:$K$118,MATCH(TRUE,ISNUMBER(SEARCH(Kamus!$J$3:$J$118,$K3)),0)),"Individu / Perorangan"))} -> Individu / Perorangan | X3: =IF($H3="","(tidak diisi)",IF(ISNUMBER($H3),TEXT(MONTH($H3),"00"),MID($H3,6,2))) -> 01 | Y3: {=IFERROR(INDEX(Kamus!$N$3:$N$111,MATCH(TRUE,ISNUMBER(SEARCH(Kamus!$M$3:$M$111,$I3)),0)),"")} | Z3: =IF(AND(OR($X3="02",$X3="03",$X3="04"),OR($T3="Parsel/Bingkisan (tidak dirinci)",$T3="Makanan & Minuman",$T3="Peralatan Rumah Tangga / Pecah Belah",$T3="Pakaian & Kain")),"Momen Hari Raya (dugaan musiman)",IFERROR(VLOOKUP($W3,Kamus!$P$3:$Q$14,2,FALSE),"Tidak Teridentifikasi")) -> Relasi Personal / Tidak Teridentifikasi | AA3: =IF($Y3="",$Z3,$Y3) -> Relasi Personal / Tidak Teridentifikasi
A4: 3 | B4: Wahyu Puji Leksono | C4: 3374070312810002 | D4: Sekretaris | E4: Pengadilan Tinggi Agama Semarang/Pengadilan Agama Magelang | F4: G013-202501-013024-BIG | G4: Penerimaan | H4: 2024-12-23 | I4: Makanan Ringan khas wonosobo dalam kemasan | K4: Drs. Abdul Malik, SH., M.SI | L4: 2025-01-03 08:29:08 | O4: Mahkamah Agung | P4: Pengadilan Agama Magelang | Q4: Pengadilan Tinggi Agama Semarang | S4: {=IF(TRIM($D4)="","(tidak diisi)",IFERROR(INDEX(Kamus!$B$3:$B$28,MATCH(TRUE,ISNUMBER(SEARCH(Kamus!$A$3:$A$28,$D4)),0)),"Jabatan Lainnya"))} -> Sekretaris | T4: {=IF(TRIM($I4)="","(tidak diisi)",IFERROR(INDEX(Kamus!$E$3:$E$162,MATCH(TRUE,ISNUMBER(SEARCH(Kamus!$D$3:$D$162,$I4)),0)),"Barang Lain / Tidak Terinci"))} -> Makanan & Minuman | U4: {=IF(TRIM($I4)="","(tidak diisi)",IFERROR(INDEX(Kamus!$H$3:$H$75,MATCH(TRUE,ISNUMBER(SEARCH(Kamus!$G$3:$G$75,$I4)),0)),"Pemberian Umum / Tanpa Konteks"))} -> Oleh-oleh / Buah Tangan Perjalanan | V4: =IF($H4="","(tidak diisi)",IF(ISNUMBER($H4),TEXT(YEAR($H4),"0"),LEFT($H4,4))) -> 2024 | W4: {=IF(TRIM($K4)="","(tidak diisi)",IFERROR(INDEX(Kamus!$K$3:$K$118,MATCH(TRUE,ISNUMBER(SEARCH(Kamus!$J$3:$J$118,$K4)),0)),"Individu / Perorangan"))} -> Individu / Perorangan | X4: =IF($H4="","(tidak diisi)",IF(ISNUMBER($H4),TEXT(MONTH($H4),"00"),MID($H4,6,2))) -> 12 | Y4: {=IFERROR(INDEX(Kamus!$N$3:$N$111,MATCH(TRUE,ISNUMBER(SEARCH(Kamus!$M$3:$M$111,$I4)),0)),"")} | Z4: =IF(AND(OR($X4="02",$X4="03",$X4="04"),OR($T4="Parsel/Bingkisan (tidak dirinci)",$T4="Makanan & Minuman",$T4="Peralatan Rumah Tangga / Pecah Belah",$T4="Pakaian & Kain")),"Momen Hari Raya (dugaan musiman)",IFERROR(VLOOKUP($W4,Kamus!$P$3:$Q$14,2,FALSE),"Tidak Teridentifikasi")) -> Relasi Personal / Tidak Teridentifikasi | AA4: =IF($Y4="",$Z4,$Y4) -> Relasi Personal / Tidak Teridentifikasi
A5: 4 | B5: Ismaya Salindri | C5: 3372014105910007 | D5: Hakim | E5: / | F5: G013-202501-013039-BIG | G5: Penerimaan | H5: 2025-01-03 | I5: Parsel pecah belah | J5: 250000 | K5: Kristalina | L5: 2025-01-04 12:13:28 | M5: DIKELOLA INSTANSI | O5: Mahkamah Agung | S5: {=IF(TRIM($D5)="","(tidak diisi)",IFERROR(INDEX(Kamus!$B$3:$B$28,MATCH(TRUE,ISNUMBER(SEARCH(Kamus!$A$3:$A$28,$D5)),0)),"Jabatan Lainnya"))} -> Hakim | T5: {=IF(TRIM($I5)="","(tidak diisi)",IFERROR(INDEX(Kamus!$E$3:$E$162,MATCH(TRUE,ISNUMBER(SEARCH(Kamus!$D$3:$D$162,$I5)),0)),"Barang Lain / Tidak Terinci"))} -> Peralatan Rumah Tangga / Pecah Belah | U5: {=IF(TRIM($I5)="","(tidak diisi)",IFERROR(INDEX(Kamus!$H$3:$H$75,MATCH(TRUE,ISNUMBER(SEARCH(Kamus!$G$3:$G$75,$I5)),0)),"Pemberian Umum / Tanpa Konteks"))} -> Parsel/Bingkisan Umum (non-hari raya) | V5: =IF($H5="","(tidak diisi)",IF(ISNUMBER($H5),TEXT(YEAR($H5),"0"),LEFT($H5,4))) -> 2025 | W5: {=IF(TRIM($K5)="","(tidak diisi)",IFERROR(INDEX(Kamus!$K$3:$K$118,MATCH(TRUE,ISNUMBER(SEARCH(Kamus!$J$3:$J$118,$K5)),0)),"Individu / Perorangan"))} -> Individu / Perorangan | X5: =IF($H5="","(tidak diisi)",IF(ISNUMBER($H5),TEXT(MONTH($H5),"00"),MID($H5,6,2))) -> 01 | Y5: {=IFERROR(INDEX(Kamus!$N$3:$N$111,MATCH(TRUE,ISNUMBER(SEARCH(Kamus!$M$3:$M$111,$I5)),0)),"")} | Z5: =IF(AND(OR($X5="02",$X5="03",$X5="04"),OR($T5="Parsel/Bingkisan (tidak dirinci)",$T5="Makanan & Minuman",$T5="Peralatan Rumah Tangga / Pecah Belah",$T5="Pakaian & Kain")),"Momen Hari Raya (dugaan musiman)",IFERROR(VLOOKUP($W5,Kamus!$P$3:$Q$14,2,FALSE),"Tidak Teridentifikasi")) -> Relasi Personal / Tidak Teridentifikasi | AA5: =IF($Y5="",$Z5,$Y5) -> Relasi Personal / Tidak Teridentifikasi
A6: 5 | B6: Muhammad Azhar Hasibuan, S.H.I., MA. | C6: 1271091408820002 | D6: Ketua | E6: Pengadilan Tinggi Agama Medan/Pengadilan Agama Sibolga | F6: G013-202501-013059-BIG | G6: Penerimaan | H6: 2025-01-03 | I6: Uang | J6: 500000 | K6: Tidak Diketahui | L6: 2025-01-06 17:07:52 | M6: TIDAK WAJIB LAPOR | O6: Mahkamah Agung | P6: Pengadilan Agama Sibolga | Q6: Pengadilan Tinggi Agama Medan | S6: {=IF(TRIM($D6)="","(tidak diisi)",IFERROR(INDEX(Kamus!$B$3:$B$28,MATCH(TRUE,ISNUMBER(SEARCH(Kamus!$A$3:$A$28,$D6)),0)),"Jabatan Lainnya"))} -> Ketua Pengadilan | T6: {=IF(TRIM($I6)="","(tidak diisi)",IFERROR(INDEX(Kamus!$E$3:$E$162,MATCH(TRUE,ISNUMBER(SEARCH(Kamus!$D$3:$D$162,$I6)),0)),"Barang Lain / Tidak Terinci"))} -> Uang & Setara Uang | U6: {=IF(TRIM($I6)="","(tidak diisi)",IFERROR(INDEX(Kamus!$H$3:$H$75,MATCH(TRUE,ISNUMBER(SEARCH(Kamus!$G$3:$G$75,$I6)),0)),"Pemberian Umum / Tanpa Konteks"))} -> Pemberian Uang Langsung | V6: =IF($H6="","(tidak diisi)",IF(ISNUMBER($H6),TEXT(YEAR($H6),"0"),LEFT($H6,4))) -> 2025 | W6: {=IF(TRIM($K6)="","(tidak diisi)",IFERROR(INDEX(Kamus!$K$3:$K$118,MATCH(TRUE,ISNUMBER(SEARCH(Kamus!$J$3:$J$118,$K6)),0)),"Individu / Perorangan"))} -> Tidak Diketahui | X6: =IF($H6="","(tidak diisi)",IF(ISNUMBER($H6),TEXT(MONTH($H6),"00"),MID($H6,6,2))) -> 01 | Y6: {=IFERROR(INDEX(Kamus!$N$3:$N$111,MATCH(TRUE,ISNUMBER(SEARCH(Kamus!$M$3:$M$111,$I6)),0)),"")} | Z6: =IF(AND(OR($X6="02",$X6="03",$X6="04"),OR($T6="Parsel/Bingkisan (tidak dirinci)",$T6="Makanan & Minuman",$T6="Peralatan Rumah Tangga / Pecah Belah",$T6="Pakaian & Kain")),"Momen Hari Raya (dugaan musiman)",IFERROR(VLOOKUP($W6,Kamus!$P$3:$Q$14,2,FALSE),"Tidak Teridentifikasi")) -> Pemberi Tidak Diketahui | AA6: =IF($Y6="",$Z6,$Y6) -> Pemberi Tidak Diketahui
